Drug,Target
0,53
0,109
0,237
0,256
0,308
0,565
0,649
0,786
0,1027
0,1173
0,1257
0,1259
0,1453
1,154
1,269
1,617
1,618
1,717
1,1020
1,1098
2,354
2,395
2,456
2,508
2,630
2,948
2,1534
2,1536
3,43
3,199
3,886
3,1154
3,1407
3,1452
4,445
4,709
4,789
4,860
4,1172
6,230
6,287
6,507
6,530
6,742
6,780
6,954
7,178
7,421
7,511
7,769
7,772
7,807
7,1288
7,1452
8,285
8,337
8,522
8,1461
9,109
9,237
9,256
9,308
9,461
9,565
9,649
9,786
9,1173
9,1257
9,1259
9,1453
9,1485
10,6
10,243
10,253
10,265
10,285
10,293
10,348
10,440
10,607
10,671
10,695
10,709
10,717
10,789
10,808
10,823
10,827
10,840
10,854
10,871
10,874
10,885
10,920
10,958
10,965
10,1008
10,1018
10,1020
10,1066
10,1154
10,1214
10,1254
10,1257
10,1259
10,1436
10,1461
10,1530
10,1553
11,36
11,38
11,185
11,519
11,839
11,948
11,1001
12,348
12,519
12,761
12,1001
12,1209
13,27
13,38
13,143
13,155
13,184
13,392
13,471
13,504
13,511
13,519
13,708
13,709
13,769
13,807
13,839
13,936
13,948
13,1000
13,1001
13,1039
13,1059
13,1066
13,1224
13,1235
13,1452
13,1553
14,178
14,345
14,508
14,834
14,869
14,1055
14,1258
14,1479
14,1526
15,461
15,1257
17,6
17,243
17,253
17,265
17,285
17,440
17,471
17,504
17,534
17,607
17,671
17,807
17,808
17,823
17,827
17,840
17,871
17,874
17,958
17,965
17,1018
17,1020
17,1056
17,1066
17,1214
17,1246
17,1254
17,1288
17,1340
17,1380
17,1436
17,1461
18,98
18,561
18,1101
19,91
19,319
19,412
19,413
19,511
19,762
19,769
19,785
19,807
19,948
19,1056
19,1149
19,1288
19,1385
19,1394
19,1402
19,1407
20,38
20,155
20,178
20,184
20,185
20,199
20,216
20,280
20,445
20,506
20,519
20,534
20,585
20,665
20,759
20,789
20,886
20,948
20,1001
20,1048
20,1098
20,1130
20,1154
20,1372
20,1390
20,1407
21,91
22,60
22,162
22,199
22,472
22,503
22,506
22,511
22,532
22,709
22,764
22,769
22,772
22,808
22,886
22,891
22,1001
22,1070
22,1154
22,1209
22,1213
22,1343
22,1407
22,1409
22,1420
22,1459
22,1461
23,339
23,939
23,1160
24,25
24,32
24,42
24,46
24,62
24,110
24,111
24,112
24,126
24,132
24,134
24,153
24,159
24,160
24,175
24,176
24,177
24,194
24,196
24,212
24,219
24,221
24,222
24,225
24,243
24,248
24,249
24,295
24,296
24,301
24,313
24,316
24,319
24,320
24,322
24,327
24,342
24,376
24,388
24,396
24,469
24,478
24,490
24,491
24,500
24,525
24,531
24,577
24,596
24,610
24,614
24,627
24,653
24,670
24,672
24,694
24,757
24,762
24,767
24,800
24,846
24,847
24,859
24,866
24,868
24,922
24,942
24,947
24,957
24,970
24,976
24,980
24,982
24,998
24,1002
24,1026
24,1047
24,1052
24,1068
24,1072
24,1083
24,1156
24,1158
24,1178
24,1182
24,1185
24,1186
24,1190
24,1217
24,1225
24,1239
24,1245
24,1247
24,1248
24,1260
24,1264
24,1270
24,1318
24,1322
24,1323
24,1324
24,1325
24,1327
24,1349
24,1420
24,1439
24,1443
24,1449
24,1467
24,1482
24,1488
24,1490
24,1491
24,1501
24,1520
24,1551
25,36
25,38
25,154
25,155
25,162
25,184
25,185
25,199
25,269
25,406
25,430
25,442
25,445
25,449
25,503
25,505
25,506
25,519
25,534
25,585
25,588
25,617
25,618
25,709
25,769
25,789
25,808
25,839
25,886
25,936
25,948
25,1001
25,1048
25,1098
25,1154
25,1213
25,1553
26,56
26,109
26,212
26,237
26,256
26,308
26,313
26,319
26,503
26,565
26,649
26,761
26,786
26,936
26,948
26,1001
26,1173
26,1209
26,1213
26,1257
26,1259
26,1407
26,1453
26,1485
26,1553
27,11
27,154
27,155
27,236
27,269
27,334
27,439
27,504
27,577
27,585
27,665
27,762
27,839
27,936
27,989
27,992
27,1001
27,1030
27,1098
27,1254
27,1553
28,511
28,769
28,772
29,412
29,413
29,717
29,1461
30,665
30,819
31,285
31,522
31,1268
31,1553
32,2
32,6
32,218
32,253
32,265
32,440
32,546
32,607
32,671
32,807
32,823
32,827
32,840
32,854
32,871
32,874
32,958
32,965
32,1214
32,1246
32,1254
32,1288
32,1340
32,1380
32,1436
33,421
33,1452
34,178
34,311
34,354
34,421
34,445
34,611
34,665
34,1213
34,1407
35,461
35,1059
36,91
36,664
37,151
37,243
37,285
37,392
37,409
37,461
37,522
37,599
37,920
37,992
37,1059
37,1080
37,1123
37,1195
37,1219
38,382
38,1101
40,109
40,237
40,256
40,308
40,565
40,649
40,1173
40,1257
40,1259
40,1453
41,1355
43,331
43,665
43,714
43,762
43,788
43,1056
43,1262
43,1555
44,124
44,130
44,1481
45,425
45,719
45,721
45,1265
45,1331
45,1484
46,1
46,15
46,32
46,37
46,46
46,93
46,112
46,142
46,153
46,165
46,175
46,177
46,187
46,194
46,259
46,295
46,296
46,301
46,313
46,316
46,319
46,342
46,348
46,376
46,388
46,396
46,405
46,407
46,415
46,418
46,469
46,484
46,490
46,500
46,509
46,525
46,577
46,609
46,610
46,614
46,627
46,641
46,670
46,672
46,693
46,726
46,757
46,773
46,774
46,776
46,794
46,800
46,811
46,826
46,838
46,847
46,862
46,872
46,932
46,947
46,976
46,1002
46,1004
46,1076
46,1082
46,1083
46,1090
46,1097
46,1126
46,1134
46,1158
46,1165
46,1182
46,1205
46,1206
46,1215
46,1217
46,1225
46,1233
46,1238
46,1264
46,1277
46,1281
46,1294
46,1316
46,1318
46,1322
46,1323
46,1324
46,1325
46,1349
46,1420
46,1439
46,1443
46,1446
46,1454
46,1467
46,1482
46,1488
46,1490
46,1491
46,1501
46,1520
46,1525
46,1552
47,36
47,38
47,155
47,503
47,505
47,519
47,534
47,585
47,681
47,839
47,948
47,984
48,269
48,617
48,920
49,243
49,249
49,511
49,665
49,807
49,1288
50,89
50,1167
51,304
51,339
51,715
51,1160
52,336
52,337
52,439
52,899
52,1435
53,154
53,236
53,269
53,378
53,617
53,618
53,687
53,743
53,1098
53,1157
54,5
54,243
54,244
54,259
54,285
54,333
54,421
54,683
54,717
54,819
54,934
54,961
54,1020
54,1059
54,1219
54,1257
54,1303
54,1452
54,1459
54,1461
54,1530
55,914
55,1070
55,1118
55,1421
55,1518
56,456
56,1534
58,511
58,769
58,772
58,1407
59,1549
60,77
60,98
60,243
60,498
60,561
60,1352
60,1420
61,236
61,361
61,378
61,501
61,652
61,687
61,691
61,1017
61,1157
62,511
62,769
62,772
64,36
64,38
64,155
64,162
64,185
64,442
64,445
64,449
64,519
64,585
64,709
64,789
64,839
64,948
64,1001
64,1048
64,1051
64,1070
65,243
65,259
65,366
65,412
65,492
65,560
65,577
65,664
65,665
65,709
65,717
65,785
65,807
65,808
65,920
65,1008
65,1059
65,1066
65,1162
65,1213
65,1421
66,6
66,253
66,265
66,440
66,471
66,576
66,607
66,671
66,807
66,823
66,827
66,840
66,871
66,874
66,958
66,965
66,1056
66,1214
66,1246
66,1254
66,1288
66,1340
66,1380
66,1436
66,1461
67,38
67,155
67,162
67,178
67,185
67,249
67,445
67,449
67,503
67,506
67,519
67,534
67,585
67,665
67,709
67,789
67,807
67,839
67,936
67,948
67,1001
67,1048
67,1213
67,1288
67,1407
67,1553
68,6
68,8
68,20
68,133
68,136
68,138
68,236
68,253
68,261
68,265
68,378
68,394
68,406
68,440
68,474
68,481
68,482
68,501
68,560
68,607
68,652
68,663
68,671
68,687
68,691
68,750
68,751
68,790
68,804
68,808
68,823
68,840
68,871
68,874
68,911
68,920
68,954
68,958
68,965
68,977
68,978
68,989
68,992
68,1017
68,1066
68,1074
68,1092
68,1151
68,1152
68,1157
68,1191
68,1214
68,1254
68,1429
68,1436
68,1456
68,1514
68,1515
68,1523
69,173
69,528
69,765
69,1437
70,6
70,60
70,253
70,265
70,440
70,472
70,473
70,607
70,671
70,710
70,764
70,814
70,823
70,827
70,840
70,871
70,874
70,958
70,965
70,1214
70,1254
70,1409
70,1429
70,1436
70,1504
71,6
71,127
71,236
71,265
71,378
71,440
71,671
71,717
71,827
71,958
71,965
71,1059
71,1214
71,1461
71,1515
73,97
73,102
73,124
73,130
73,155
73,162
73,178
73,185
73,199
73,259
73,261
73,264
73,336
73,337
73,339
73,366
73,439
73,445
73,496
73,498
73,503
73,577
73,586
73,635
73,656
73,663
73,665
73,676
73,709
73,717
73,725
73,751
73,762
73,789
73,804
73,807
73,808
73,819
73,878
73,886
73,891
73,1001
73,1018
73,1020
73,1051
73,1056
73,1059
73,1070
73,1151
73,1154
73,1192
73,1213
73,1259
73,1288
73,1342
73,1343
73,1378
73,1440
73,1461
73,1481
74,155
74,585
74,936
74,948
74,1213
74,1459
74,1553
75,1259
76,717
76,1020
76,1177
76,1402
76,1461
78,91
78,97
78,102
78,124
78,130
78,200
78,261
78,302
78,366
78,398
78,413
78,439
78,455
78,474
78,492
78,496
78,663
78,665
78,751
78,785
78,804
78,891
78,1020
78,1149
78,1342
78,1394
78,1402
78,1440
78,1444
78,1461
78,1474
78,1481
79,91
79,664
80,1056
80,1343
81,155
81,498
81,503
81,505
81,534
81,585
81,717
81,729
81,761
81,839
81,948
81,1051
81,1059
81,1070
81,1209
81,1308
81,1392
81,1553
82,0
82,184
82,185
82,259
82,366
82,406
82,442
82,445
82,449
82,577
82,588
82,665
82,789
82,1025
82,1048
82,1452
82,1474
83,154
83,269
83,617
83,618
83,1098
84,541
84,784
85,285
85,440
85,665
85,671
85,717
85,807
85,827
85,958
85,965
85,1020
85,1056
85,1059
85,1254
85,1288
85,1459
86,665
86,920
86,1059
86,1066
88,155
88,185
88,215
88,585
89,98
89,498
89,519
89,561
90,98
90,285
90,339
90,461
90,561
90,665
90,717
90,939
90,1020
91,38
91,154
91,155
91,178
91,184
91,185
91,269
91,319
91,445
91,503
91,506
91,519
91,534
91,585
91,617
91,618
91,709
91,789
91,839
91,936
91,948
91,1001
91,1056
91,1059
91,1070
91,1098
91,1213
91,1407
91,1459
91,1553
92,38
92,89
92,103
92,132
92,154
92,155
92,162
92,171
92,178
92,184
92,185
92,212
92,216
92,244
92,262
92,269
92,280
92,285
92,313
92,319
92,351
92,412
92,413
92,425
92,439
92,445
92,456
92,503
92,504
92,511
92,519
92,522
92,531
92,575
92,577
92,578
92,587
92,605
92,617
92,618
92,628
92,665
92,709
92,717
92,719
92,721
92,729
92,759
92,761
92,769
92,772
92,785
92,789
92,807
92,808
92,819
92,839
92,853
92,859
92,920
92,936
92,948
92,1001
92,1008
92,1020
92,1033
92,1051
92,1059
92,1066
92,1098
92,1213
92,1288
92,1310
92,1331
92,1343
92,1394
92,1407
92,1461
92,1484
92,1530
92,1534
92,1549
92,1553
93,154
93,155
93,162
93,178
93,184
93,185
93,199
93,269
93,430
93,445
93,449
93,503
93,505
93,506
93,519
93,534
93,585
93,617
93,618
93,665
93,709
93,789
93,839
93,886
93,948
93,1001
93,1048
93,1098
93,1154
93,1213
93,1389
93,1553
95,11
95,265
95,671
95,823
95,827
95,989
95,992
95,1030
95,1254
95,1340
96,575
96,717
96,807
96,1020
96,1056
96,1059
96,1288
97,461
97,1155
97,1435
98,8
98,188
98,236
98,274
98,311
98,354
98,361
98,378
98,394
98,481
98,501
98,652
98,687
98,691
98,1017
98,1157
98,1161
99,145
99,1262
99,1343
99,1372
99,1430
100,0
100,36
100,38
100,154
100,155
100,162
100,178
100,184
100,185
100,199
100,212
100,269
100,319
100,430
100,442
100,445
100,449
100,503
100,505
100,506
100,519
100,534
100,585
100,617
100,618
100,623
100,709
100,716
100,717
100,769
100,789
100,839
100,886
100,936
100,948
100,1001
100,1020
100,1025
100,1048
100,1059
100,1066
100,1098
100,1151
100,1154
100,1213
100,1343
100,1407
100,1459
100,1461
100,1553
101,98
101,461
101,498
101,561
102,372
102,718
102,770
102,808
102,999
102,1056
102,1059
103,211
103,243
103,294
103,348
103,395
103,433
103,461
103,546
103,665
103,717
103,730
103,807
103,1020
103,1039
103,1059
103,1133
103,1311
103,1315
103,1321
103,1389
103,1461
103,1473
104,259
104,439
104,577
104,665
104,716
104,717
104,807
104,808
104,1020
104,1056
104,1261
104,1288
104,1459
104,1461
105,665
105,717
105,899
105,1056
105,1070
105,1435
105,1461
106,243
106,249
106,346
106,717
106,920
106,1018
106,1020
106,1056
106,1059
106,1461
107,143
107,230
107,598
107,647
107,665
107,692
107,722
107,750
107,755
107,865
107,954
107,1128
107,1192
107,1435
107,1489
108,6
108,216
108,253
108,265
108,440
108,535
108,607
108,665
108,671
108,807
108,808
108,823
108,827
108,840
108,871
108,874
108,958
108,965
108,1056
108,1066
108,1070
108,1214
108,1246
108,1254
108,1288
108,1340
108,1380
108,1436
110,269
110,311
110,394
110,617
110,1098
111,336
111,454
111,527
111,577
111,665
111,717
111,807
111,1020
111,1056
112,667
112,872
113,59
113,178
113,210
113,211
113,329
113,337
113,395
113,456
113,497
113,508
113,566
113,644
113,717
113,807
113,818
113,852
113,920
113,1020
113,1039
113,1055
113,1056
113,1066
113,1133
113,1176
113,1192
113,1258
113,1288
113,1311
113,1315
113,1459
113,1496
113,1526
113,1534
114,319
114,527
114,546
114,743
114,762
115,91
115,1149
115,1402
116,349
116,513
116,688
116,720
116,1431
116,1434
116,1442
119,123
119,178
119,354
119,456
119,504
119,665
119,717
119,807
119,920
119,1008
119,1056
119,1059
119,1066
119,1130
119,1169
119,1288
119,1459
119,1461
119,1534
119,1536
120,244
120,527
120,936
121,1213
121,1407
121,1459
122,185
122,199
122,439
122,511
122,519
122,577
122,665
122,807
122,819
122,839
122,886
122,986
122,1001
122,1051
122,1070
122,1154
122,1213
122,1463
123,63
123,560
123,577
123,665
123,717
123,920
123,1008
123,1018
123,1020
123,1056
123,1059
123,1339
123,1447
123,1459
123,1460
123,1461
123,1535
124,178
124,439
124,489
124,665
124,1056
124,1059
124,1278
124,1530
125,155
125,311
125,354
125,534
125,1209
126,178
126,441
126,1056
126,1312
127,461
127,717
127,807
127,1020
127,1056
127,1288
127,1461
128,156
128,210
128,243
128,259
128,290
128,293
128,294
128,348
128,439
128,507
128,546
128,577
128,695
128,780
128,807
128,854
128,1310
128,1461
129,269
129,717
129,899
129,1459
129,1461
129,1474
130,155
130,285
130,522
130,585
130,717
130,808
130,819
130,920
130,948
130,1020
130,1056
130,1059
130,1066
130,1101
130,1407
130,1459
130,1461
130,1510
130,1530
131,154
131,269
131,617
131,1098
131,1459
132,95
132,178
132,365
132,665
132,807
132,816
132,920
132,1308
132,1459
132,1461
132,1516
134,178
134,354
134,777
134,1139
134,1223
134,1357
135,1129
136,160
136,182
136,259
136,461
136,657
136,766
136,815
136,1301
137,127
137,920
137,1066
138,38
138,155
138,178
138,184
138,185
138,445
138,506
138,519
138,534
138,585
138,789
138,808
138,839
138,948
138,1001
138,1018
138,1048
138,1098
138,1343
138,1461
139,98
139,561
140,511
140,769
140,772
142,729
142,761
142,1209
142,1459
143,60
143,199
143,472
143,473
143,511
143,764
143,769
143,772
143,886
143,1154
143,1409
143,1429
143,1504
144,259
145,785
146,1059
146,1266
147,155
147,285
147,744
147,1407
147,1459
147,1461
147,1549
147,1553
148,21
148,109
148,128
148,153
148,162
148,177
148,212
148,237
148,243
148,244
148,249
148,252
148,256
148,285
148,295
148,301
148,308
148,313
148,319
148,342
148,365
148,376
148,380
148,396
148,445
148,469
148,525
148,533
148,565
148,577
148,637
148,649
148,665
148,672
148,717
148,762
148,773
148,775
148,794
148,807
148,826
148,838
148,846
148,847
148,849
148,1020
148,1028
148,1051
148,1059
148,1070
148,1076
148,1083
148,1091
148,1097
148,1119
148,1158
148,1173
148,1186
148,1190
148,1213
148,1215
148,1225
148,1245
148,1257
148,1259
148,1263
148,1277
148,1288
148,1304
148,1325
148,1349
148,1385
148,1439
148,1453
148,1459
148,1474
148,1485
148,1490
148,1491
148,1520
148,1551
149,91
149,305
149,311
149,413
149,522
149,664
150,59
150,211
150,395
150,497
150,508
150,566
150,807
150,1039
150,1055
150,1133
150,1176
150,1258
150,1311
150,1315
151,1402
152,162
152,354
152,807
152,1070
152,1262
152,1474
153,91
153,305
153,366
153,664
153,873
153,1149
153,1179
153,1402
153,1530
154,243
154,246
154,285
154,293
154,461
154,522
154,1257
154,1259
155,91
155,145
155,218
155,243
155,364
155,366
155,492
155,577
155,635
155,664
155,665
155,689
155,717
155,807
155,808
155,920
155,1008
155,1020
155,1022
155,1070
155,1091
155,1262
155,1288
155,1402
155,1407
155,1452
155,1461
155,1549
156,717
156,808
156,1020
156,1059
156,1394
157,130
157,154
157,269
157,496
157,503
157,504
157,505
157,534
157,577
157,604
157,617
157,618
157,663
157,665
157,717
157,804
157,807
157,808
157,1020
157,1056
157,1066
157,1098
157,1394
157,1398
157,1444
157,1459
157,1461
158,178
158,207
158,243
158,249
158,303
158,464
158,587
158,646
158,666
158,807
158,1056
158,1267
158,1288
158,1351
158,1527
159,0
159,36
159,38
159,154
159,155
159,162
159,178
159,184
159,185
159,199
159,212
159,262
159,269
159,319
159,351
159,442
159,445
159,449
159,503
159,504
159,505
159,506
159,511
159,519
159,531
159,534
159,585
159,617
159,618
159,665
159,709
159,729
159,769
159,772
159,789
159,839
159,886
159,936
159,948
159,1001
159,1025
159,1048
159,1059
159,1066
159,1098
159,1154
159,1213
159,1407
159,1553
160,155
160,534
160,808
160,936
160,986
160,1177
160,1553
161,6
161,253
161,265
161,440
161,471
161,607
161,671
161,823
161,827
161,840
161,871
161,874
161,958
161,965
161,1214
161,1254
161,1436
162,212
162,313
163,725
164,4
164,77
164,498
164,799
164,974
164,1421
165,109
165,237
165,256
165,308
165,565
165,649
165,786
165,1173
165,1257
165,1259
165,1453
165,1485
166,16
166,210
166,306
166,483
166,633
166,636
166,724
166,808
166,845
166,920
166,960
166,1089
166,1403
166,1472
166,1487
166,1505
167,285
167,348
167,522
167,546
167,717
168,577
168,647
168,722
168,755
168,1373
168,1489
169,91
172,311
172,1209
173,113
173,355
173,1401
174,391
174,783
175,91
175,143
175,243
175,305
175,366
175,665
175,1020
175,1285
176,143
176,207
176,259
176,303
176,646
176,665
176,667
176,717
176,807
176,1020
176,1037
176,1056
176,1288
176,1474
176,1527
177,127
177,1051
177,1070
177,1091
177,1119
177,1123
177,1474
178,155
178,503
178,505
178,534
178,585
178,920
178,948
178,1059
178,1066
179,899
180,433
180,439
182,647
183,308
183,461
183,1027
183,1257
183,1259
184,98
184,561
184,1473
185,364
185,1056
185,1059
186,542
186,640
186,647
186,899
186,928
186,954
186,991
186,1168
186,1228
186,1282
186,1435
187,113
187,522
188,130
188,178
188,199
188,496
188,504
188,663
188,665
188,751
188,804
188,807
188,886
188,891
188,1056
188,1059
188,1154
188,1288
188,1444
188,1534
189,376
189,665
189,920
189,988
189,1520
189,1554
191,230
191,287
191,456
191,504
191,1475
191,1534
191,1536
192,259
192,348
192,366
192,439
192,546
192,665
192,716
192,717
192,807
192,808
192,1020
192,1261
192,1288
192,1389
192,1461
193,304
193,372
193,718
193,770
193,999
193,1066
194,6
194,253
194,265
194,440
194,576
194,607
194,671
194,717
194,807
194,823
194,827
194,840
194,871
194,874
194,958
194,965
194,1056
194,1214
194,1254
194,1288
194,1436
197,178
197,378
197,406
197,482
197,652
197,807
197,920
197,1051
197,1157
197,1474
198,6
198,253
198,265
198,285
198,440
198,471
198,607
198,671
198,717
198,823
198,827
198,840
198,871
198,874
198,958
198,965
198,1056
198,1214
198,1254
198,1436
198,1461
199,541
199,784
200,66
200,145
200,366
200,461
200,468
200,520
200,522
200,684
200,689
200,1029
200,1262
200,1355
201,0
201,36
201,38
201,154
201,155
201,162
201,184
201,185
201,269
201,406
201,430
201,442
201,445
201,449
201,505
201,506
201,519
201,534
201,585
201,617
201,618
201,761
201,789
201,839
201,936
201,948
201,1001
201,1025
201,1048
201,1098
201,1213
201,1406
201,1553
202,155
202,184
202,448
202,492
202,504
202,664
202,709
202,936
202,1213
202,1283
202,1553
203,143
203,461
204,173
204,528
204,909
204,1437
205,184
205,239
205,285
205,522
205,717
205,807
205,859
205,1018
205,1020
205,1056
205,1066
205,1101
205,1117
205,1288
205,1461
206,98
206,561
206,1473
207,761
207,1051
207,1070
207,1209
208,162
208,184
208,185
208,406
208,442
208,445
208,449
208,506
208,761
208,789
208,1025
208,1048
208,1209
208,1213
208,1530
209,38
209,178
209,185
209,445
209,503
209,519
209,534
209,665
209,709
209,789
209,807
209,1001
209,1051
209,1056
209,1119
209,1288
209,1407
209,1459
209,1474
210,91
210,664
211,143
211,145
211,243
211,329
211,337
211,445
211,461
211,546
211,577
211,665
211,684
211,712
211,717
211,750
211,842
211,1020
211,1051
211,1262
211,1407
211,1461
211,1530
212,73
212,1128
212,1155
212,1310
212,1435
213,461
213,684
213,737
213,1056
213,1123
213,1262
213,1278
214,154
214,269
214,519
214,617
214,618
214,761
214,1098
214,1209
214,1459
215,38
215,124
215,130
215,155
215,178
215,184
215,185
215,445
215,449
215,506
215,511
215,519
215,534
215,585
215,656
215,665
215,762
215,769
215,772
215,789
215,948
215,992
215,1001
215,1048
215,1051
215,1066
215,1098
215,1151
215,1288
215,1407
215,1481
216,178
216,1372
217,143
217,154
217,155
217,269
217,319
217,354
217,364
217,445
217,503
217,585
217,617
217,618
217,789
217,839
217,936
217,948
217,1001
217,1098
217,1213
217,1407
217,1553
218,98
218,145
218,243
218,461
218,561
218,684
218,1262
219,83
219,92
219,97
219,102
219,155
219,178
219,243
219,255
219,261
219,474
219,496
219,503
219,505
219,534
219,583
219,585
219,595
219,663
219,751
219,761
219,804
219,878
219,886
219,948
219,1242
219,1312
219,1440
220,199
220,243
220,439
220,665
220,716
220,717
220,725
220,727
220,807
220,808
220,885
220,886
220,1018
220,1020
220,1056
220,1154
220,1234
220,1288
220,1461
220,1512
221,56
221,854
221,1355
222,98
222,561
222,1473
223,9
223,38
223,91
223,155
223,162
223,163
223,178
223,184
223,185
223,212
223,244
223,269
223,319
223,334
223,336
223,351
223,354
223,364
223,391
223,439
223,445
223,456
223,503
223,504
223,506
223,511
223,519
223,522
223,531
223,575
223,576
223,617
223,618
223,665
223,676
223,697
223,709
223,716
223,717
223,729
223,736
223,739
223,761
223,769
223,772
223,789
223,808
223,839
223,936
223,948
223,1001
223,1020
223,1056
223,1059
223,1066
223,1098
223,1213
223,1224
223,1257
223,1288
223,1352
223,1394
223,1398
223,1459
223,1461
223,1530
223,1534
223,1549
223,1553
224,184
224,807
224,920
224,981
224,1008
224,1020
224,1059
224,1402
225,450
225,585
225,936
225,948
225,1051
225,1213
225,1553
226,6
226,253
226,265
226,440
226,607
226,671
226,823
226,827
226,840
226,871
226,874
226,958
226,965
226,1214
226,1246
226,1254
226,1340
226,1380
226,1436
228,154
228,155
228,178
228,262
228,269
228,421
228,445
228,534
228,585
228,617
228,618
228,709
228,789
228,808
228,936
228,948
228,1020
228,1098
228,1213
228,1407
228,1452
228,1553
229,50
229,249
229,511
229,769
229,772
229,807
229,1288
229,1459
230,541
230,771
232,109
232,237
232,256
232,308
232,565
232,649
232,717
232,786
232,1020
232,1056
232,1066
232,1173
232,1257
232,1259
232,1453
232,1459
232,1485
233,506
233,665
234,60
234,386
234,472
234,473
234,764
234,1056
234,1409
234,1429
234,1504
236,566
236,1059
236,1133
237,303
237,646
237,665
238,154
238,269
238,617
238,618
238,1098
239,665
239,761
239,1020
239,1051
239,1209
239,1459
240,98
240,127
240,561
240,1123
240,1257
243,6
243,253
243,265
243,440
243,607
243,671
243,823
243,827
243,840
243,871
243,874
243,886
243,958
243,965
243,1066
243,1214
243,1246
243,1254
243,1340
243,1380
243,1436
244,511
244,769
244,772
244,1459
245,882
245,1059
246,29
246,38
246,58
246,135
246,155
246,162
246,171
246,178
246,184
246,185
246,212
246,244
246,262
246,269
246,277
246,319
246,351
246,354
246,364
246,427
246,445
246,456
246,503
246,504
246,511
246,519
246,522
246,531
246,575
246,617
246,618
246,628
246,686
246,697
246,709
246,717
246,729
246,730
246,736
246,739
246,761
246,769
246,772
246,777
246,789
246,808
246,839
246,936
246,948
246,1001
246,1015
246,1020
246,1056
246,1066
246,1071
246,1098
246,1131
246,1136
246,1213
246,1391
246,1398
246,1412
246,1459
246,1530
246,1534
246,1549
246,1553
247,6
247,236
247,265
247,378
247,440
247,671
247,965
247,1214
247,1515
247,1530
249,285
249,522
250,36
250,38
250,155
250,185
250,442
250,445
250,449
250,519
250,585
250,709
250,789
250,839
250,948
250,1001
250,1048
250,1056
250,1059
250,1459
251,11
251,102
251,130
251,143
251,178
251,199
251,244
251,246
251,264
251,336
251,439
251,445
251,456
251,496
251,504
251,595
251,663
251,708
251,751
251,789
251,804
251,808
251,819
251,837
251,882
251,886
251,904
251,920
251,992
251,1030
251,1039
251,1056
251,1059
251,1066
251,1115
251,1154
251,1288
251,1394
251,1444
251,1530
251,1534
252,185
252,761
252,1209
253,1514
254,59
254,178
254,211
254,354
254,395
254,508
254,566
254,644
254,1020
254,1039
254,1133
254,1176
254,1278
254,1496
255,708
255,1224
256,66
256,339
256,686
256,939
256,1027
256,1179
256,1257
256,1259
257,38
257,83
257,85
257,89
257,130
257,154
257,155
257,162
257,171
257,178
257,184
257,200
257,262
257,264
257,269
257,280
257,319
257,351
257,445
257,502
257,504
257,511
257,519
257,531
257,583
257,617
257,618
257,628
257,665
257,708
257,709
257,717
257,725
257,729
257,744
257,761
257,769
257,772
257,789
257,839
257,878
257,920
257,936
257,948
257,1001
257,1056
257,1098
257,1213
257,1224
257,1288
257,1407
257,1530
257,1553
258,748
259,185
259,249
259,442
259,761
259,1209
260,109
260,128
260,175
260,176
260,177
260,187
260,237
260,252
260,256
260,295
260,301
260,308
260,313
260,319
260,342
260,348
260,376
260,396
260,469
260,490
260,559
260,565
260,577
260,637
260,649
260,670
260,672
260,773
260,775
260,794
260,808
260,826
260,838
260,846
260,847
260,862
260,866
260,976
260,1002
260,1068
260,1072
260,1083
260,1125
260,1146
260,1158
260,1173
260,1174
260,1178
260,1185
260,1186
260,1190
260,1215
260,1225
260,1245
260,1247
260,1248
260,1257
260,1259
260,1260
260,1263
260,1277
260,1304
260,1318
260,1323
260,1324
260,1325
260,1385
260,1420
260,1439
260,1453
260,1485
260,1490
260,1491
260,1551
261,199
261,445
261,725
261,727
261,789
261,886
261,1154
261,1407
261,1452
262,372
262,718
262,770
262,999
263,729
263,761
263,1209
265,130
265,178
265,200
265,496
265,663
265,751
265,804
265,1056
265,1394
265,1444
266,210
266,259
266,433
266,439
267,178
267,527
267,530
267,665
267,1014
267,1070
267,1200
267,1459
268,311
268,354
268,534
268,986
268,1209
268,1553
269,72
269,331
269,714
269,788
270,6
270,109
270,237
270,253
270,256
270,265
270,308
270,440
270,565
270,607
270,649
270,671
270,725
270,786
270,823
270,827
270,840
270,871
270,874
270,886
270,958
270,965
270,1020
270,1056
270,1152
270,1173
270,1214
270,1254
270,1257
270,1259
270,1394
270,1436
270,1453
270,1514
270,1515
270,1523
271,160
271,243
271,339
271,939
271,1291
273,899
273,1228
273,1435
274,6
274,83
274,85
274,210
274,243
274,246
274,253
274,259
274,265
274,366
274,440
274,456
274,495
274,563
274,583
274,607
274,612
274,665
274,671
274,689
274,717
274,823
274,827
274,840
274,871
274,874
274,958
274,965
274,1214
274,1234
274,1254
274,1262
274,1436
274,1476
274,1555
275,38
275,127
275,155
275,162
275,171
275,184
275,185
275,212
275,244
275,262
275,269
275,319
275,351
275,354
275,364
275,382
275,445
275,456
275,503
275,504
275,511
275,519
275,531
275,575
275,617
275,618
275,697
275,709
275,717
275,729
275,736
275,761
275,769
275,772
275,777
275,789
275,839
275,936
275,948
275,1001
275,1020
275,1056
275,1059
275,1066
275,1098
275,1136
275,1213
275,1398
275,1407
275,1459
275,1534
275,1549
275,1553
276,132
276,445
276,709
276,789
276,808
276,920
276,1213
276,1530
277,302
277,398
277,992
278,285
278,391
278,522
278,783
278,1478
279,123
279,145
279,456
279,504
279,717
279,845
279,920
279,1008
279,1039
279,1056
279,1059
279,1066
279,1071
279,1133
279,1459
279,1461
279,1475
279,1534
279,1536
280,421
280,753
280,1452
281,807
281,1056
281,1112
281,1122
281,1148
282,98
282,339
282,366
282,461
282,561
282,939
282,1018
282,1160
282,1421
283,63
283,66
283,449
283,504
283,577
283,920
283,948
283,1001
283,1339
283,1535
284,1020
284,1402
285,348
287,113
288,154
288,155
288,162
288,178
288,184
288,269
288,445
288,503
288,506
288,519
288,585
288,617
288,618
288,709
288,789
288,839
288,936
288,948
288,1001
288,1020
288,1056
288,1070
288,1098
288,1407
288,1459
288,1553
289,136
289,178
289,249
289,269
289,450
289,506
289,617
289,725
289,878
289,1036
289,1051
289,1056
289,1070
289,1098
290,43
290,188
290,199
290,212
290,274
290,361
290,406
290,498
290,665
290,717
290,725
290,727
290,807
290,808
290,878
290,885
290,1018
290,1056
290,1059
290,1154
290,1288
290,1459
290,1461
290,1530
291,56
291,210
291,259
291,336
291,337
291,366
291,369
291,412
291,439
291,461
291,545
291,577
291,665
291,684
291,689
291,762
291,785
291,883
291,884
291,944
291,1056
291,1059
291,1234
291,1262
291,1421
291,1476
292,1101
293,914
293,1518
294,1137
294,1401
295,173
295,528
295,909
295,1437
296,210
296,259
296,285
296,421
296,683
296,819
296,934
296,1257
296,1452
297,541
298,184
298,445
298,577
298,665
298,717
298,789
298,808
298,936
298,1020
298,1056
298,1213
298,1459
298,1553
299,899
299,1066
300,178
300,461
300,527
300,635
300,1051
300,1474
301,91
301,305
302,155
302,160
302,178
302,184
302,185
302,285
302,445
302,503
302,505
302,519
302,524
302,534
302,585
302,709
302,729
302,761
302,789
302,839
302,920
302,936
302,948
302,993
302,1001
302,1051
302,1066
302,1092
302,1209
302,1213
302,1273
302,1372
302,1474
302,1553
303,66
304,136
304,138
304,178
304,936
304,946
304,1020
304,1056
304,1151
304,1213
304,1459
304,1553
305,154
305,155
305,244
305,269
305,319
305,334
305,351
305,445
305,504
305,585
305,618
305,709
305,717
305,789
305,936
305,948
305,1001
305,1020
305,1056
305,1059
305,1071
305,1098
305,1136
305,1213
305,1398
305,1459
305,1553
307,717
307,769
307,936
309,665
309,994
309,1056
311,6
311,253
311,265
311,440
311,607
311,671
311,823
311,827
311,840
311,871
311,874
311,958
311,965
311,1051
311,1066
311,1214
311,1246
311,1254
311,1340
311,1380
311,1436
311,1530
312,83
312,85
312,210
312,243
312,246
312,259
312,334
312,366
312,495
312,563
312,583
312,665
312,1056
312,1234
312,1461
312,1476
312,1555
313,461
313,762
313,819
313,920
313,1020
314,81
314,917
314,961
314,992
314,1080
314,1279
314,1404
315,439
315,454
315,527
315,577
315,665
315,762
315,807
315,819
315,920
315,1008
315,1014
315,1051
315,1059
315,1123
315,1177
315,1192
315,1372
316,14
316,98
316,561
316,1473
317,38
317,154
317,155
317,178
317,185
317,199
317,445
317,503
317,506
317,519
317,534
317,585
317,618
317,709
317,789
317,839
317,886
317,948
317,1001
317,1154
318,155
318,178
318,185
318,199
318,215
318,445
318,503
318,505
318,506
318,534
318,585
318,709
318,789
318,886
318,948
318,1154
318,1407
318,1459
319,63
319,66
319,259
319,577
319,665
319,717
319,1020
319,1051
319,1056
319,1059
319,1119
319,1339
319,1474
319,1535
320,178
320,334
320,506
320,665
320,709
320,717
320,1020
320,1056
320,1394
320,1459
320,1461
321,155
321,215
321,585
321,948
321,1059
322,145
322,456
322,845
322,1534
323,285
323,468
323,717
323,1020
323,1461
324,577
324,1117
324,1177
325,6
325,265
325,348
325,440
325,471
325,546
325,607
325,671
325,808
325,827
325,958
325,965
325,1066
325,1214
325,1254
325,1389
325,1530
326,503
326,505
326,534
326,561
326,1266
326,1459
327,18
327,66
327,109
327,237
327,243
327,256
327,308
327,439
327,461
327,468
327,498
327,565
327,649
327,684
327,1029
327,1173
327,1257
327,1259
327,1262
327,1285
327,1355
327,1453
328,154
328,178
328,243
328,249
328,269
328,511
328,617
328,618
328,769
328,772
328,808
328,936
328,1020
328,1056
328,1098
328,1213
328,1429
328,1459
328,1553
329,0
329,36
329,155
329,184
329,185
329,244
329,269
329,313
329,319
329,442
329,445
329,449
329,503
329,505
329,519
329,534
329,585
329,588
329,617
329,709
329,761
329,789
329,839
329,948
329,1001
329,1025
329,1048
329,1056
329,1059
329,1209
329,1553
330,81
330,243
330,446
330,819
330,917
330,961
330,1080
330,1279
330,1404
331,391
331,783
331,1478
332,527
333,178
333,269
333,445
333,503
333,506
333,534
333,665
333,709
333,789
333,808
333,936
333,1020
333,1056
333,1059
333,1066
333,1070
333,1213
333,1407
333,1459
333,1553
334,38
334,127
334,155
334,178
334,199
334,249
334,365
334,427
334,445
334,449
334,503
334,504
334,505
334,534
334,577
334,585
334,665
334,709
334,886
334,920
334,948
334,1051
334,1070
334,1091
334,1119
334,1154
334,1365
334,1391
334,1474
335,0
335,185
335,285
335,442
335,449
335,588
335,665
335,709
335,717
335,1020
335,1048
335,1056
335,1459
335,1530
336,36
336,95
336,136
336,154
336,178
336,184
336,185
336,199
336,249
336,269
336,441
336,445
336,450
336,503
336,504
336,505
336,506
336,519
336,534
336,617
336,618
336,635
336,665
336,789
336,808
336,839
336,886
336,936
336,948
336,1001
336,1018
336,1020
336,1036
336,1048
336,1051
336,1059
336,1066
336,1070
336,1091
336,1098
336,1151
336,1154
336,1213
336,1288
336,1407
336,1459
336,1553
339,117
339,197
339,1236
341,154
341,212
341,244
341,259
341,313
341,319
341,351
341,366
341,392
341,504
341,511
341,577
341,665
341,717
341,729
341,769
341,772
341,807
341,808
341,839
341,936
341,1020
341,1056
341,1059
341,1070
341,1288
341,1385
341,1459
341,1553
342,511
344,285
344,522
344,1059
344,1101
344,1452
344,1553
345,244
345,259
345,351
345,366
345,439
345,665
345,717
345,762
345,807
345,1020
345,1056
345,1070
345,1119
345,1288
345,1459
345,1474
347,339
347,717
347,939
347,1160
347,1291
348,285
348,522
349,6
349,11
349,201
349,243
349,253
349,265
349,436
349,440
349,458
349,607
349,671
349,739
349,823
349,827
349,840
349,871
349,874
349,904
349,958
349,965
349,992
349,1042
349,1066
349,1214
349,1254
349,1312
349,1436
349,1438
349,1523
350,28
350,178
350,199
350,366
350,498
350,635
350,665
350,717
350,739
350,740
350,807
350,886
350,920
350,1020
350,1051
350,1059
350,1066
350,1070
350,1154
350,1288
350,1378
350,1459
350,1461
351,6
351,253
351,265
351,440
351,607
351,671
351,823
351,827
351,840
351,871
351,874
351,958
351,965
351,1066
351,1214
351,1246
351,1254
351,1340
351,1380
351,1436
352,4
352,259
352,348
352,351
352,366
352,439
352,456
352,546
352,665
352,717
352,724
352,807
352,845
352,936
352,974
352,1020
352,1056
352,1089
352,1261
352,1288
352,1307
352,1389
352,1394
352,1459
352,1461
352,1553
356,285
356,577
356,665
356,717
356,777
356,920
356,989
356,992
356,1020
356,1030
356,1079
356,1139
356,1223
356,1357
356,1530
357,6
357,253
357,265
357,440
357,471
357,607
357,671
357,716
357,717
357,808
357,823
357,827
357,840
357,871
357,874
357,958
357,965
357,1020
357,1056
357,1214
357,1246
357,1254
357,1340
357,1380
357,1436
357,1461
358,308
358,468
358,1257
358,1259
359,671
359,687
359,827
359,992
359,1157
359,1254
360,243
360,725
360,808
361,9
361,155
361,212
361,244
361,269
361,285
361,319
361,351
361,414
361,475
361,504
361,585
361,709
361,717
361,729
361,772
361,936
361,1001
361,1098
361,1209
361,1385
361,1421
361,1461
361,1530
361,1553
362,200
362,495
362,891
362,1444
363,140
363,154
363,155
363,178
363,184
363,243
363,249
363,269
363,354
363,445
363,506
363,534
363,611
363,617
363,618
363,665
363,709
363,717
363,761
363,789
363,807
363,808
363,936
363,948
363,1001
363,1020
363,1059
363,1098
363,1151
363,1213
363,1378
363,1407
363,1459
363,1553
364,211
364,395
364,508
364,566
364,1039
364,1133
364,1311
364,1315
365,0
365,23
365,36
365,38
365,50
365,60
365,95
365,154
365,155
365,162
365,171
365,178
365,184
365,185
365,199
365,212
365,243
365,249
365,262
365,269
365,311
365,319
365,351
365,406
365,430
365,442
365,445
365,449
365,472
365,473
365,503
365,505
365,506
365,511
365,519
365,531
365,534
365,585
365,617
365,618
365,628
365,665
365,681
365,709
365,764
365,769
365,772
365,789
365,819
365,839
365,886
365,936
365,948
365,1001
365,1025
365,1048
365,1051
365,1059
365,1066
365,1070
365,1098
365,1154
365,1169
365,1213
365,1343
365,1407
365,1409
365,1429
365,1459
365,1504
365,1553
366,1051
366,1474
367,1027
368,285
368,414
368,522
368,766
368,1101
368,1114
368,1137
369,6
369,253
369,265
369,440
369,506
369,607
369,631
369,632
369,671
369,823
369,827
369,840
369,871
369,874
369,958
369,965
369,1129
369,1214
369,1254
369,1436
369,1459
370,136
370,138
370,184
370,665
370,789
370,936
370,1056
370,1151
370,1213
370,1459
370,1553
371,0
371,184
371,185
371,442
371,445
371,449
371,506
371,588
371,709
371,789
371,936
371,1048
371,1059
371,1213
371,1459
371,1553
372,155
372,185
372,244
372,269
372,351
372,354
372,445
372,504
372,585
372,709
372,717
372,729
372,772
372,839
372,936
372,948
372,1001
372,1020
372,1056
372,1098
372,1136
372,1213
372,1459
372,1553
373,91
373,413
373,511
373,1402
373,1549
374,145
374,210
374,259
374,334
374,336
374,337
374,366
374,439
374,578
374,689
374,762
374,819
374,978
374,1230
374,1262
374,1310
374,1326
374,1540
375,6
375,236
375,253
375,265
375,378
375,440
375,607
375,671
375,823
375,827
375,840
375,871
375,874
375,958
375,965
375,1214
375,1254
375,1436
375,1515
377,243
377,337
377,461
377,684
377,779
377,1262
378,717
378,807
378,808
378,1056
378,1059
378,1459
378,1530
379,1235
379,1474
380,522
380,665
380,888
380,1308
381,103
381,155
381,184
381,192
381,229
381,280
381,319
381,334
381,351
381,354
381,412
381,445
381,449
381,503
381,511
381,519
381,585
381,709
381,717
381,769
381,772
381,785
381,789
381,808
381,839
381,873
381,936
381,948
381,1001
381,1213
381,1343
381,1394
381,1407
381,1461
381,1534
381,1549
381,1553
382,230
382,577
382,647
382,692
382,722
382,755
382,1039
382,1051
382,1070
382,1428
382,1489
383,155
383,185
383,503
383,505
383,534
383,585
383,948
383,1343
384,561
385,178
385,665
385,725
385,727
385,1056
385,1459
386,98
386,162
386,269
386,561
386,566
386,617
386,819
386,936
386,1098
388,160
389,269
389,617
389,1070
389,1098
390,91
390,664
390,1056
391,109
391,237
391,243
391,249
391,256
391,285
391,308
391,337
391,389
391,504
391,522
391,565
391,649
391,717
391,729
391,786
391,839
391,936
391,948
391,1039
391,1173
391,1213
391,1257
391,1259
391,1385
391,1453
391,1459
391,1485
391,1553
392,56
392,127
392,243
392,522
392,1123
392,1365
393,64
393,155
393,199
393,519
393,585
393,886
393,986
393,1154
393,1463
394,131
394,309
394,830
394,843
394,876
394,971
394,988
394,1159
394,1469
395,0
395,36
395,38
395,154
395,155
395,162
395,178
395,184
395,185
395,269
395,406
395,442
395,445
395,449
395,505
395,506
395,519
395,534
395,585
395,617
395,618
395,709
395,761
395,789
395,807
395,839
395,936
395,948
395,1001
395,1025
395,1048
395,1056
395,1059
395,1098
395,1209
395,1213
395,1288
395,1459
395,1553
396,1059
397,0
397,155
397,184
397,185
397,269
397,442
397,445
397,449
397,506
397,519
397,585
397,588
397,617
397,709
397,789
397,839
397,948
397,1001
397,1025
397,1048
397,1098
397,1407
398,178
398,761
398,1209
399,155
399,232
399,421
399,498
399,585
399,709
399,936
399,948
399,986
399,1091
399,1213
399,1407
399,1452
399,1463
399,1553
400,182
400,285
400,414
400,522
400,766
400,934
400,1101
401,777
401,1139
402,232
402,505
402,534
402,936
402,986
402,1553
404,188
404,274
404,361
404,378
404,501
404,687
404,1051
404,1070
404,1119
404,1157
404,1161
404,1474
405,1101
405,1122
406,36
406,38
406,155
406,185
406,442
406,445
406,449
406,503
406,505
406,519
406,534
406,585
406,709
406,761
406,789
406,839
406,948
406,1001
406,1048
406,1056
406,1209
407,712
408,188
408,274
408,311
408,361
408,378
408,617
408,687
408,1051
408,1070
408,1098
408,1157
408,1161
409,185
409,505
409,534
409,936
409,1553
410,761
410,1209
411,259
411,336
411,366
411,439
411,461
411,577
411,665
411,689
411,717
411,762
411,807
411,819
411,1020
411,1056
411,1192
411,1288
411,1326
411,1459
411,1461
412,285
412,808
412,1018
412,1288
412,1530
413,986
413,1473
414,91
414,412
414,492
414,1402
415,155
415,178
415,445
415,503
415,505
415,506
415,511
415,519
415,534
415,585
415,665
415,709
415,769
415,789
415,808
415,948
415,1001
415,1051
415,1119
415,1213
415,1288
415,1343
415,1459
415,1474
415,1553
416,243
416,366
416,412
416,504
416,511
416,769
416,772
416,1459
417,178
417,184
417,185
417,224
417,339
417,367
417,445
417,503
417,555
417,595
417,665
417,709
417,725
417,729
417,761
417,789
417,803
417,878
417,936
417,1051
417,1059
417,1070
417,1209
417,1291
417,1343
417,1407
417,1459
417,1553
418,6
418,11
418,201
418,243
418,253
418,265
418,436
418,440
418,458
418,607
418,671
418,823
418,827
418,840
418,871
418,874
418,903
418,904
418,958
418,965
418,992
418,1042
418,1214
418,1254
418,1312
418,1436
418,1438
418,1523
419,155
419,185
419,445
419,519
419,585
419,1048
420,66
421,954
421,1510
422,36
422,38
422,155
422,178
422,184
422,185
422,442
422,445
422,449
422,503
422,505
422,519
422,534
422,585
422,709
422,789
422,839
422,948
422,1001
422,1048
422,1459
423,28
423,140
423,264
423,450
423,586
423,595
423,604
423,656
423,676
423,685
423,825
423,837
423,904
423,995
423,1036
423,1455
424,154
424,236
424,269
424,354
424,378
424,498
424,617
424,618
424,1070
424,1098
424,1157
425,522
425,914
426,511
426,769
426,772
428,412
428,785
428,1413
429,140
429,178
429,264
429,595
429,725
429,878
429,885
430,109
430,237
430,256
430,308
430,565
430,649
430,786
430,1173
430,1257
430,1259
430,1453
431,761
431,1070
431,1209
432,695
434,285
434,440
434,471
434,607
434,671
434,827
434,958
434,965
434,1066
434,1214
434,1254
435,127
435,243
435,285
435,461
435,486
435,522
435,561
435,994
435,1122
435,1123
435,1473
436,412
436,785
437,433
439,210
439,259
439,281
439,502
439,546
439,854
439,1389
440,249
440,520
442,249
442,577
442,1012
443,1034
444,398
444,412
444,492
444,1273
444,1402
444,1452
445,336
445,375
445,439
445,577
445,665
445,762
446,505
446,519
446,936
446,1020
446,1059
447,10
447,13
447,423
447,532
448,64
450,506
451,542
451,899
451,1168
451,1228
451,1282
451,1435
452,56
453,412
453,413
453,492
453,1056
454,98
454,461
454,498
454,561
454,1262
455,366
455,438
455,772
455,1087
455,1517
456,541
456,771
457,6
457,253
457,265
457,440
457,607
457,671
457,823
457,827
457,840
457,871
457,874
457,948
457,958
457,965
457,1214
457,1254
457,1283
457,1399
457,1436
457,1549
458,43
458,178
458,406
458,450
458,595
458,885
458,886
458,1020
458,1056
458,1059
458,1118
458,1151
458,1459
459,2
459,293
459,348
459,511
459,546
459,665
459,769
459,772
459,1056
459,1070
459,1389
459,1459
459,1461
459,1503
460,742
460,1001
460,1071
461,43
461,199
461,725
461,727
461,808
461,885
461,886
461,1056
461,1059
461,1154
461,1459
461,1512
462,154
462,155
462,162
462,178
462,184
462,185
462,249
462,269
462,430
462,445
462,503
462,505
462,506
462,519
462,534
462,585
462,617
462,618
462,709
462,789
462,839
462,948
462,1001
462,1048
462,1051
462,1098
462,1213
462,1407
462,1553
463,155
463,185
463,445
463,505
463,506
463,519
463,534
463,789
463,819
463,936
463,948
463,1056
463,1213
463,1288
463,1553
464,39
464,178
464,269
464,395
464,480
464,617
464,818
464,852
464,1039
464,1311
464,1315
466,60
466,936
466,1213
466,1553
468,131
468,375
468,665
468,762
468,808
468,843
468,988
468,989
468,992
468,1056
468,1066
468,1091
469,23
469,136
469,154
469,155
469,178
469,185
469,199
469,249
469,269
469,442
469,445
469,474
469,498
469,503
469,505
469,506
469,519
469,534
469,585
469,617
469,618
469,635
469,709
469,761
469,789
469,808
469,839
469,886
469,936
469,948
469,1018
469,1051
469,1066
469,1070
469,1091
469,1098
469,1151
469,1154
469,1209
469,1213
469,1378
469,1530
469,1553
470,258
470,259
470,538
470,683
470,920
470,934
470,1219
470,1261
472,236
472,249
472,501
472,534
472,652
472,808
472,936
472,1020
472,1066
472,1157
472,1213
472,1459
472,1530
472,1553
474,60
474,472
474,473
474,764
474,808
474,1407
474,1409
474,1429
474,1504
475,577
475,782
475,1112
475,1122
476,364
476,1136
477,311
477,413
477,522
477,1149
477,1402
478,66
478,761
478,1209
478,1553
479,899
479,991
480,285
480,522
481,155
481,178
481,365
481,427
481,445
481,503
481,505
481,534
481,585
481,948
481,1070
481,1391
482,43
482,311
482,394
482,406
482,936
483,163
483,319
483,364
483,391
483,808
483,920
483,1056
483,1066
483,1224
483,1288
484,211
484,717
484,1133
484,1288
485,269
485,439
485,461
485,498
485,527
485,611
485,635
485,762
485,965
485,1213
486,1
486,15
486,19
486,21
486,32
486,33
486,34
486,42
486,46
486,93
486,105
486,110
486,111
486,112
486,128
486,148
486,153
486,159
486,166
486,170
486,175
486,177
486,187
486,191
486,194
486,196
486,209
486,212
486,213
486,221
486,222
486,225
486,248
486,252
486,291
486,295
486,296
486,301
486,313
486,316
486,319
486,320
486,322
486,327
486,342
486,356
486,362
486,363
486,373
486,376
486,377
486,379
486,388
486,396
486,405
486,418
486,469
486,478
486,490
486,491
486,509
486,512
486,531
486,533
486,543
486,559
486,579
486,589
486,605
486,614
486,627
486,634
486,637
486,653
486,654
486,670
486,675
486,705
486,706
486,719
486,721
486,757
486,774
486,776
486,800
486,826
486,846
486,847
486,857
486,862
486,866
486,868
486,887
486,889
486,892
486,897
486,915
486,916
486,921
486,922
486,923
486,932
486,935
486,942
486,943
486,947
486,950
486,951
486,952
486,957
486,962
486,970
486,976
486,979
486,982
486,1002
486,1005
486,1006
486,1023
486,1024
486,1026
486,1040
486,1052
486,1058
486,1068
486,1072
486,1076
486,1081
486,1082
486,1083
486,1093
486,1096
486,1097
486,1103
486,1115
486,1121
486,1126
486,1140
486,1146
486,1165
486,1174
486,1178
486,1180
486,1185
486,1186
486,1190
486,1193
486,1205
486,1225
486,1233
486,1245
486,1247
486,1248
486,1260
486,1264
486,1270
486,1274
486,1290
486,1294
486,1302
486,1304
486,1316
486,1318
486,1319
486,1322
486,1323
486,1324
486,1325
486,1327
486,1341
486,1349
486,1361
486,1363
486,1374
486,1411
486,1417
486,1420
486,1426
486,1439
486,1443
486,1449
486,1454
486,1457
486,1462
486,1486
486,1488
486,1490
486,1491
486,1493
486,1497
486,1513
486,1531
486,1544
486,1545
486,1548
486,1551
487,243
487,249
487,338
487,551
487,582
487,813
487,1109
487,1113
487,1425
487,1465
487,1480
488,161
488,178
488,182
488,214
488,392
488,439
488,920
488,1008
488,1202
489,1008
489,1372
490,18
490,236
490,336
490,378
490,439
490,535
490,560
490,671
490,716
490,762
490,808
490,819
490,827
490,920
490,958
490,1008
490,1018
490,1066
490,1288
490,1394
490,1515
490,1530
491,43
491,60
491,154
491,155
491,162
491,178
491,184
491,269
491,445
491,472
491,473
491,506
491,617
491,618
491,709
491,725
491,727
491,764
491,789
491,808
491,885
491,886
491,948
491,1066
491,1070
491,1098
491,1213
491,1409
491,1429
491,1459
491,1504
491,1553
493,178
493,185
493,421
493,1452
494,421
494,1402
494,1452
494,1549
495,527
495,665
495,762
496,119
496,154
496,155
496,269
496,421
496,445
496,503
496,506
496,617
496,618
496,709
496,789
496,936
496,1001
496,1098
496,1459
497,269
497,506
497,534
497,789
497,936
497,1213
497,1553
498,527
498,843
498,990
499,914
499,956
499,1518
499,1519
500,162
500,1051
500,1091
500,1119
500,1262
500,1266
500,1474
501,30
501,240
501,1128
502,1
502,19
502,32
502,148
502,222
502,282
502,313
502,319
502,376
502,405
502,491
502,596
502,721
502,826
502,868
502,887
502,1004
502,1006
502,1024
502,1041
502,1076
502,1081
502,1106
502,1156
502,1302
502,1324
502,1361
502,1363
502,1417
502,1426
502,1544
502,1552
503,342
503,348
503,376
503,396
503,431
503,500
503,533
503,577
503,672
503,838
503,847
503,854
503,992
503,1125
503,1158
503,1215
503,1225
503,1260
503,1324
503,1420
503,1482
503,1491
503,1520
504,249
504,311
504,366
504,729
504,761
504,1209
506,1402
507,154
507,269
507,311
507,617
507,618
507,1098
508,508
508,1526
509,438
509,665
509,1087
510,77
510,109
510,145
510,243
510,267
510,285
510,308
510,461
510,522
510,545
510,565
510,649
510,684
510,1173
510,1257
510,1259
510,1262
510,1421
510,1453
511,936
511,1553
512,36
512,154
512,155
512,162
512,184
512,249
512,269
512,445
512,503
512,505
512,506
512,519
512,534
512,577
512,585
512,617
512,618
512,709
512,789
512,839
512,936
512,948
512,1001
512,1048
512,1056
512,1098
512,1151
512,1213
512,1343
512,1553
513,729
513,761
513,807
513,1001
513,1209
513,1288
513,1343
513,1461
514,246
514,255
514,257
514,258
514,267
514,285
514,310
514,414
514,461
514,522
514,861
514,1202
514,1234
514,1402
515,38
515,406
515,680
516,244
516,762
516,807
516,808
516,1020
516,1056
516,1087
516,1461
517,145
517,218
517,461
517,647
517,750
517,807
517,954
517,1288
518,91
518,807
518,1149
518,1288
519,430
519,807
519,1020
519,1059
519,1288
519,1398
519,1461
520,103
520,334
520,412
520,413
520,431
520,785
520,1033
520,1394
521,155
521,185
521,249
521,503
521,505
521,519
521,534
521,585
521,1001
521,1048
522,109
522,237
522,256
522,308
522,461
522,565
522,649
522,786
522,1020
522,1066
522,1173
522,1257
522,1259
522,1453
522,1485
523,236
523,348
523,511
523,769
523,772
523,1459
524,254
524,336
524,337
524,439
524,461
524,539
524,577
524,598
524,647
524,762
524,1051
524,1070
524,1091
524,1269
525,60
525,764
525,1066
526,511
526,769
526,772
527,484
527,893
527,977
527,1066
527,1114
527,1517
528,285
528,522
529,178
529,210
529,259
529,366
529,506
529,665
529,1421
530,237
530,256
530,308
530,565
530,649
530,1173
530,1257
530,1259
530,1485
531,239
531,807
531,1020
531,1056
531,1059
531,1066
531,1461
531,1530
532,243
532,258
532,285
532,310
532,337
532,348
532,461
532,522
532,546
532,854
532,861
532,1389
532,1503
533,98
533,285
533,522
533,561
533,1055
534,113
535,0
535,185
535,442
535,449
535,588
535,1452
536,0
536,185
536,442
536,445
536,449
536,588
536,789
536,1452
536,1459
537,9
537,217
537,475
537,621
537,1266
537,1355
538,35
538,122
538,286
538,335
538,439
538,577
538,643
538,901
538,1101
538,1132
538,1332
538,1344
538,1372
538,1384
538,1517
539,91
539,243
539,412
539,413
539,492
539,807
539,1020
539,1213
539,1288
539,1402
540,91
540,305
541,36
541,38
541,155
541,185
541,442
541,445
541,449
541,503
541,505
541,519
541,534
541,585
541,709
541,789
541,839
541,948
541,1001
541,1070
541,1079
541,1390
542,511
542,769
542,772
543,154
543,157
543,178
543,185
543,269
543,445
543,575
543,617
543,618
543,761
543,808
543,936
543,1001
543,1059
543,1098
543,1213
543,1407
543,1459
543,1461
543,1553
544,254
544,329
544,337
544,461
544,1091
544,1262
544,1269
545,43
545,199
545,725
545,727
545,885
545,886
545,1154
545,1512
546,522
547,471
547,671
547,807
547,827
547,958
547,965
547,1254
547,1288
547,1343
548,281
548,502
549,185
549,442
549,445
549,449
549,709
549,729
549,761
549,789
549,1209
550,162
550,503
550,1059
550,1534
550,1541
551,433
551,439
551,577
551,730
551,934
551,992
551,1473
551,1474
552,29
552,43
552,58
552,135
552,188
552,274
552,277
552,311
552,361
552,406
552,421
552,686
552,687
552,739
552,936
552,1015
552,1131
552,1169
552,1412
552,1429
552,1452
553,285
553,522
554,14
554,561
554,1473
555,155
555,503
555,505
555,534
555,585
555,948
556,304
557,178
557,406
557,709
557,1059
557,1066
558,188
558,274
558,361
558,366
558,406
558,617
558,687
558,1070
558,1161
559,154
559,162
559,184
559,269
559,445
559,506
559,617
559,618
559,665
559,709
559,789
559,936
559,948
559,1001
559,1098
559,1213
559,1553
560,36
560,154
560,155
560,185
560,269
560,406
560,445
560,449
560,505
560,506
560,519
560,534
560,617
560,618
560,729
560,761
560,789
560,839
560,936
560,948
560,1020
560,1070
560,1098
560,1209
560,1213
560,1553
561,56
561,155
561,212
561,319
561,386
561,561
561,984
562,77
562,313
562,319
562,1421
563,285
563,301
564,43
564,199
564,710
564,725
564,727
564,885
564,886
564,966
564,1154
564,1197
564,1310
564,1512
565,210
565,249
565,259
565,439
565,546
565,577
565,689
565,1261
565,1389
565,1421
566,155
566,185
566,503
566,505
566,506
566,519
566,534
566,585
566,680
566,948
566,1001
566,1018
566,1213
567,375
567,503
567,505
567,534
567,546
567,665
569,156
569,1510
571,263
572,788
573,91
573,249
573,413
573,1402
574,210
574,259
574,577
574,1394
575,406
575,511
575,546
575,769
575,772
575,854
575,1213
575,1553
576,1
576,15
576,21
576,32
576,34
576,46
576,93
576,111
576,134
576,142
576,148
576,159
576,165
576,166
576,175
576,177
576,182
576,187
576,191
576,194
576,212
576,219
576,222
576,225
576,276
576,282
576,291
576,295
576,296
576,301
576,313
576,316
576,319
576,356
576,373
576,376
576,377
576,388
576,405
576,407
576,415
576,469
576,478
576,500
576,525
576,533
576,559
576,609
576,637
576,641
576,654
576,670
576,675
576,705
576,723
576,757
576,767
576,776
576,800
576,826
576,831
576,841
576,846
576,862
576,866
576,868
576,887
576,889
576,892
576,895
576,897
576,915
576,922
576,943
576,947
576,950
576,951
576,970
576,976
576,979
576,982
576,987
576,998
576,1005
576,1007
576,1024
576,1026
576,1041
576,1047
576,1052
576,1072
576,1076
576,1082
576,1083
576,1090
576,1093
576,1096
576,1097
576,1126
576,1140
576,1146
576,1175
576,1178
576,1180
576,1182
576,1185
576,1186
576,1190
576,1205
576,1206
576,1217
576,1220
576,1225
576,1233
576,1244
576,1245
576,1248
576,1260
576,1263
576,1264
576,1265
576,1270
576,1281
576,1318
576,1319
576,1322
576,1323
576,1324
576,1325
576,1341
576,1349
576,1395
576,1411
576,1414
576,1415
576,1420
576,1433
576,1439
576,1488
576,1490
576,1491
576,1501
576,1531
576,1544
576,1545
576,1552
577,461
577,750
577,954
577,1428
578,178
578,185
578,378
578,406
578,442
578,482
578,511
578,680
578,709
578,807
578,1051
578,1066
578,1070
578,1091
578,1119
578,1157
578,1288
578,1343
578,1474
579,43
579,178
579,199
579,269
579,406
579,442
579,479
579,482
579,506
579,534
579,617
579,725
579,769
579,807
579,886
579,936
579,1051
579,1154
579,1197
579,1213
579,1288
579,1407
579,1432
579,1461
579,1553
580,87
580,178
580,199
580,224
580,249
580,259
580,264
580,311
580,366
580,367
580,436
580,439
580,441
580,498
580,555
580,595
580,617
580,635
580,665
580,725
580,803
580,808
580,819
580,824
580,878
580,886
580,912
580,920
580,1036
580,1051
580,1066
580,1070
580,1154
580,1262
580,1288
580,1378
580,1406
580,1438
580,1459
580,1461
580,1474
581,310
581,914
581,1118
581,1518
582,479
583,109
583,124
583,130
583,199
583,224
583,237
583,256
583,308
583,367
583,421
583,555
583,565
583,649
583,725
583,727
583,786
583,803
583,885
583,886
583,1154
583,1173
583,1197
583,1257
583,1259
583,1343
583,1452
583,1453
583,1481
583,1485
584,259
584,348
584,1389
585,338
585,551
585,582
585,813
585,1113
585,1425
585,1465
585,1480
587,391
587,783
588,131
588,309
588,830
588,843
588,876
588,971
588,988
588,1159
588,1469
590,2
590,156
590,365
590,546
590,854
590,1051
590,1109
590,1112
590,1119
590,1122
590,1148
590,1310
590,1466
590,1474
592,301
592,1164
592,1195
592,1373
592,1421
592,1483
593,155
593,178
593,430
593,445
593,498
593,504
593,506
593,635
593,709
593,789
593,936
593,1213
593,1407
593,1459
594,43
594,109
594,199
594,237
594,256
594,308
594,565
594,649
594,727
594,786
594,1173
594,1257
594,1259
594,1453
594,1485
596,506
596,611
597,1
597,19
597,32
597,93
597,116
597,134
597,148
597,153
597,182
597,187
597,191
597,194
597,196
597,209
597,222
597,238
597,252
597,282
597,296
597,322
597,356
597,363
597,373
597,376
597,377
597,380
597,405
597,432
597,435
597,476
597,491
597,525
597,533
597,559
597,596
597,653
597,654
597,669
597,670
597,675
597,693
597,702
597,704
597,706
597,719
597,726
597,773
597,774
597,776
597,781
597,826
597,838
597,849
597,862
597,868
597,887
597,895
597,897
597,898
597,910
597,915
597,921
597,922
597,923
597,943
597,950
597,951
597,952
597,962
597,987
597,1004
597,1006
597,1007
597,1023
597,1041
597,1076
597,1081
597,1088
597,1093
597,1103
597,1104
597,1106
597,1115
597,1126
597,1134
597,1138
597,1140
597,1146
597,1156
597,1175
597,1182
597,1217
597,1220
597,1225
597,1233
597,1238
597,1244
597,1248
597,1264
597,1290
597,1302
597,1324
597,1327
597,1341
597,1349
597,1395
597,1405
597,1417
597,1426
597,1446
597,1449
597,1457
597,1462
597,1498
597,1544
597,1545
597,1546
597,1548
598,456
598,504
598,1534
598,1536
599,0
599,36
599,38
599,154
599,155
599,162
599,184
599,185
599,216
599,269
599,406
599,442
599,445
599,449
599,505
599,506
599,519
599,534
599,585
599,617
599,709
599,761
599,789
599,839
599,936
599,948
599,1001
599,1025
599,1048
599,1098
599,1209
600,757
600,1225
600,1270
600,1324
600,1420
600,1439
600,1520
601,541
602,216
602,1034
604,60
604,386
604,421
604,472
604,473
604,519
604,764
604,1051
604,1070
604,1407
604,1409
604,1429
604,1474
604,1504
605,243
605,259
605,339
605,934
605,939
605,1070
605,1291
605,1461
606,442
606,449
606,588
606,859
606,1066
606,1452
606,1461
608,364
608,1461
609,18
609,145
609,151
609,259
609,329
609,332
609,337
609,340
609,366
609,461
609,621
609,684
609,829
609,856
609,883
609,884
609,914
609,944
609,956
609,1051
609,1070
609,1118
609,1234
609,1262
609,1421
609,1427
609,1476
609,1511
609,1518
609,1519
609,1549
610,72
610,269
610,331
610,788
611,1152
611,1514
611,1515
611,1523
612,242
612,249
612,577
612,762
612,838
612,1215
612,1520
613,47
613,782
613,1112
614,79
614,360
614,370
614,813
614,1422
615,178
615,511
615,577
615,769
615,772
615,807
615,854
615,1018
615,1288
615,1461
615,1530
616,339
616,715
616,1133
617,154
617,155
617,162
617,184
617,185
617,269
617,445
617,503
617,506
617,617
617,618
617,665
617,709
617,789
617,839
617,948
617,1001
617,1098
618,155
618,199
618,503
618,505
618,534
618,585
618,886
618,948
618,1051
618,1070
618,1091
618,1154
618,1209
619,184
619,269
619,445
619,506
619,617
619,665
619,709
619,789
619,1048
619,1098
619,1213
619,1324
619,1343
619,1553
622,18
622,329
622,332
622,337
622,340
622,621
622,829
622,944
622,956
622,1118
622,1421
622,1427
622,1511
622,1518
622,1519
623,43
623,199
623,717
623,725
623,727
623,808
623,885
623,886
623,966
623,1020
623,1059
623,1154
623,1197
623,1459
623,1461
623,1512
624,66
624,308
624,468
624,565
624,649
624,686
624,1027
624,1257
624,1259
625,285
625,337
625,522
625,717
625,1059
625,1461
625,1519
627,1
627,19
627,21
627,42
627,46
627,62
627,126
627,134
627,142
627,153
627,177
627,194
627,212
627,225
627,243
627,249
627,295
627,296
627,301
627,313
627,316
627,320
627,348
627,373
627,376
627,396
627,405
627,469
627,478
627,490
627,500
627,509
627,512
627,525
627,531
627,577
627,614
627,654
627,665
627,669
627,670
627,693
627,694
627,702
627,757
627,775
627,794
627,800
627,807
627,826
627,831
627,846
627,847
627,849
627,868
627,887
627,895
627,897
627,898
627,920
627,942
627,957
627,976
627,998
627,1002
627,1008
627,1040
627,1047
627,1052
627,1059
627,1068
627,1072
627,1076
627,1106
627,1126
627,1156
627,1158
627,1178
627,1182
627,1186
627,1190
627,1206
627,1225
627,1233
627,1244
627,1245
627,1248
627,1264
627,1277
627,1318
627,1322
627,1323
627,1324
627,1325
627,1341
627,1377
627,1394
627,1421
627,1439
627,1459
627,1461
627,1482
627,1488
627,1490
627,1491
627,1520
627,1525
627,1552
628,311
628,808
628,1172
629,665
629,717
629,807
629,808
629,1018
629,1020
629,1056
629,1288
629,1459
629,1461
629,1530
630,285
630,336
630,348
630,439
630,454
630,522
630,527
630,577
630,665
630,762
630,807
630,1014
630,1066
630,1192
630,1332
630,1394
630,1461
630,1517
631,28
631,53
631,140
631,178
631,255
631,257
631,264
631,427
631,441
631,450
631,498
631,586
631,595
631,604
631,635
631,656
631,658
631,676
631,685
631,802
631,825
631,837
631,904
631,995
631,1036
631,1051
631,1070
631,1091
631,1164
631,1262
631,1391
631,1455
632,489
632,665
632,808
633,178
633,527
633,665
633,807
633,1014
633,1059
633,1288
634,461
634,709
635,243
635,725
635,807
635,1020
636,36
636,155
636,184
636,445
636,506
636,519
636,534
636,839
637,98
637,498
637,561
637,1101
638,36
638,38
638,154
638,155
638,162
638,184
638,185
638,243
638,269
638,406
638,442
638,445
638,449
638,505
638,506
638,519
638,534
638,585
638,617
638,618
638,789
638,839
638,948
638,1001
638,1025
638,1048
638,1070
638,1098
638,1213
640,285
640,522
640,1066
640,1385
640,1519
641,184
641,412
641,578
641,665
641,920
641,1059
643,1257
643,1259
644,154
644,155
644,162
644,184
644,185
644,243
644,249
644,269
644,285
644,445
644,503
644,505
644,506
644,519
644,534
644,585
644,617
644,618
644,709
644,717
644,729
644,761
644,789
644,807
644,839
644,936
644,948
644,1001
644,1020
644,1059
644,1066
644,1098
644,1153
644,1209
644,1213
644,1324
644,1343
644,1407
644,1459
644,1553
645,269
645,617
645,618
645,1098
646,218
646,368
646,421
646,681
646,717
646,807
646,936
646,1020
646,1056
646,1066
646,1136
646,1213
646,1288
646,1452
646,1459
646,1461
646,1542
646,1553
647,1056
648,6
648,38
648,154
648,155
648,184
648,185
648,249
648,253
648,265
648,269
648,406
648,430
648,440
648,442
648,445
648,503
648,505
648,506
648,519
648,534
648,585
648,607
648,617
648,618
648,665
648,671
648,709
648,789
648,823
648,827
648,839
648,840
648,871
648,874
648,936
648,948
648,958
648,965
648,1001
648,1048
648,1098
648,1201
648,1213
648,1214
648,1254
648,1436
648,1459
648,1553
649,43
649,157
649,199
649,725
649,727
649,885
649,886
649,966
649,1154
649,1197
649,1512
650,98
650,1109
651,61
651,73
651,145
651,243
651,329
651,336
651,337
651,369
651,577
651,717
651,954
651,1059
651,1155
651,1237
651,1435
651,1461
651,1530
652,131
652,309
652,336
652,439
652,577
652,665
652,762
652,807
652,819
652,830
652,843
652,876
652,969
652,971
652,988
652,990
652,1091
652,1159
652,1192
652,1288
652,1469
653,91
653,103
653,210
653,243
653,259
653,348
653,366
653,412
653,492
653,577
653,664
653,684
653,686
653,785
653,807
653,920
653,936
653,1008
653,1020
653,1033
653,1051
653,1070
653,1091
653,1162
653,1192
653,1213
653,1234
653,1262
653,1288
653,1343
653,1394
653,1402
653,1421
653,1461
653,1476
655,254
655,337
655,439
655,461
655,1059
655,1192
655,1262
655,1269
656,61
656,98
656,561
656,1473
657,53
657,267
657,285
657,310
657,522
657,717
657,795
657,861
657,1195
657,1461
658,479
658,1020
658,1056
658,1059
659,665
659,1136
659,1177
660,91
660,305
661,302
661,580
661,1268
663,311
663,354
664,461
664,1070
664,1119
664,1262
664,1326
664,1474
665,412
665,413
665,492
666,243
666,285
666,310
666,348
666,366
666,461
666,522
666,546
666,861
666,1461
667,81
667,717
667,917
667,934
667,961
667,1056
667,1080
667,1279
667,1404
668,9
668,212
668,244
668,285
668,392
668,475
668,504
668,577
668,717
668,743
668,1020
668,1051
668,1056
668,1059
668,1066
668,1086
668,1119
668,1202
668,1385
668,1459
668,1461
668,1474
669,87
669,178
669,261
669,339
669,427
669,474
669,804
669,824
669,1391
669,1444
670,67
670,1000
670,1101
671,1257
672,98
672,311
672,561
672,1473
674,6
674,178
674,236
674,253
674,265
674,378
674,440
674,607
674,671
674,823
674,827
674,840
674,871
674,874
674,958
674,965
674,1020
674,1056
674,1214
674,1254
674,1436
674,1515
674,1530
675,243
675,285
675,461
675,522
675,684
675,717
675,1262
675,1461
676,285
676,433
676,1389
676,1461
677,2
677,16
677,43
677,77
677,145
677,199
677,216
677,224
677,285
677,293
677,294
677,367
677,461
677,498
677,546
677,555
677,695
677,717
677,725
677,727
677,803
677,807
677,808
677,845
677,854
677,885
677,886
677,911
677,966
677,1018
677,1020
677,1056
677,1059
677,1089
677,1154
677,1197
677,1262
677,1389
677,1461
677,1512
677,1530
678,43
678,199
678,216
678,406
678,665
678,725
678,727
678,885
678,886
678,1154
678,1389
678,1407
678,1512
679,468
680,1475
681,6
681,236
681,253
681,265
681,378
681,440
681,607
681,671
681,808
681,823
681,827
681,840
681,871
681,874
681,958
681,965
681,1020
681,1214
681,1254
681,1436
681,1461
681,1515
682,311
682,354
683,354
683,920
683,1022
683,1059
683,1452
683,1530
684,57
684,182
684,244
684,285
684,414
684,439
684,522
684,577
684,766
684,807
684,934
684,1168
684,1202
684,1230
684,1257
684,1259
684,1301
684,1365
685,2
685,119
685,239
685,285
685,294
685,348
685,461
685,522
685,665
685,695
685,707
685,717
685,853
685,854
685,920
685,1056
685,1059
685,1066
685,1459
685,1461
685,1530
686,890
687,91
687,155
687,351
687,412
687,413
687,445
687,492
687,504
687,511
687,541
687,585
687,717
687,729
687,769
687,784
687,839
687,936
687,948
687,1001
687,1098
687,1162
687,1213
687,1402
687,1549
687,1553
688,21
688,42
688,62
688,105
688,111
688,148
688,153
688,194
688,212
688,225
688,243
688,249
688,295
688,296
688,301
688,313
688,316
688,320
688,322
688,376
688,418
688,469
688,478
688,490
688,509
688,531
688,577
688,614
688,641
688,653
688,665
688,669
688,670
688,702
688,717
688,757
688,775
688,794
688,800
688,807
688,849
688,866
688,881
688,887
688,895
688,897
688,898
688,920
688,922
688,942
688,957
688,976
688,980
688,1002
688,1020
688,1040
688,1056
688,1072
688,1081
688,1156
688,1178
688,1186
688,1190
688,1225
688,1233
688,1245
688,1248
688,1265
688,1277
688,1322
688,1324
688,1325
688,1349
688,1377
688,1439
688,1459
688,1488
688,1490
688,1491
688,1520
688,1525
689,281
689,502
689,717
689,819
689,1394
692,461
692,899
693,0
693,185
693,442
693,449
693,588
693,1059
693,1452
694,506
694,1459
695,81
695,917
695,961
695,1404
695,1461
696,511
696,546
696,769
696,772
696,807
696,1056
696,1070
696,1288
696,1459
696,1503
697,461
700,201
700,458
700,1459
701,0
701,155
701,184
701,185
701,442
701,445
701,449
701,503
701,505
701,519
701,534
701,585
701,588
701,665
701,709
701,789
701,839
701,948
701,1001
701,1025
701,1048
701,1051
701,1056
701,1119
701,1474
702,102
702,311
702,663
702,751
702,804
704,56
704,717
704,946
704,1355
705,98
705,498
705,561
706,91
706,664
706,1056
707,36
707,154
707,155
707,162
707,178
707,184
707,185
707,243
707,249
707,255
707,257
707,269
707,430
707,442
707,445
707,449
707,450
707,503
707,505
707,506
707,511
707,519
707,533
707,534
707,585
707,617
707,618
707,665
707,709
707,717
707,725
707,727
707,729
707,761
707,769
707,772
707,789
707,807
707,808
707,839
707,904
707,936
707,948
707,1001
707,1020
707,1036
707,1048
707,1051
707,1056
707,1059
707,1066
707,1070
707,1098
707,1146
707,1151
707,1154
707,1209
707,1213
707,1324
707,1343
707,1407
707,1459
707,1461
707,1553
708,61
708,77
708,145
708,210
708,243
708,259
708,329
708,336
708,337
708,366
708,369
708,422
708,439
708,461
708,542
708,577
708,665
708,684
708,762
708,899
708,928
708,944
708,991
708,1168
708,1192
708,1228
708,1234
708,1262
708,1282
708,1343
708,1435
708,1555
709,1155
709,1435
710,439
710,501
710,506
710,546
710,665
710,671
710,687
710,717
710,725
710,727
710,807
710,808
710,827
710,885
710,958
710,969
710,1020
710,1059
710,1213
710,1288
710,1394
710,1461
711,91
711,664
711,1310
712,285
712,511
712,717
712,769
712,772
712,854
712,1056
712,1459
713,1112
714,84
714,145
714,151
714,243
714,264
714,285
714,310
714,336
714,337
714,348
714,366
714,369
714,409
714,439
714,454
714,461
714,522
714,546
714,599
714,665
714,683
714,684
714,689
714,717
714,762
714,854
714,861
714,934
714,1020
714,1035
714,1195
714,1262
714,1310
714,1402
714,1519
716,304
716,372
716,718
716,770
716,920
716,999
716,1059
717,98
717,243
717,461
717,498
717,561
717,1262
717,1459
717,1474
718,98
718,561
719,395
719,1039
719,1311
719,1315
720,243
720,249
720,346
721,511
721,769
721,772
722,646
722,920
722,1059
723,178
723,505
723,506
723,534
723,611
723,665
723,807
723,808
723,920
723,1066
723,1461
723,1530
724,77
724,98
724,243
724,249
724,285
724,337
724,339
724,461
724,561
724,807
724,854
724,934
724,939
724,1288
724,1291
725,2
725,259
725,330
725,336
725,348
725,439
725,546
725,577
725,1167
725,1389
726,342
726,454
726,498
726,527
726,577
726,762
726,1014
728,0
728,36
728,38
728,155
728,162
728,178
728,184
728,185
728,269
728,442
728,445
728,449
728,503
728,505
728,506
728,519
728,534
728,585
728,588
728,617
728,618
728,709
728,761
728,789
728,807
728,839
728,948
728,992
728,1001
728,1025
728,1048
728,1051
728,1098
728,1209
728,1213
728,1288
728,1407
728,1459
728,1474
729,178
729,807
729,1288
730,280
730,744
730,1407
731,765
731,1307
731,1475
731,1549
732,311
732,354
733,39
733,59
733,143
733,211
733,329
733,337
733,345
733,480
733,508
733,566
733,644
733,818
733,834
733,852
733,869
733,954
733,1039
733,1055
733,1133
733,1176
733,1258
733,1378
733,1475
733,1479
733,1496
733,1526
734,47
734,60
734,154
734,155
734,178
734,445
734,473
734,485
734,503
734,560
734,617
734,618
734,789
734,807
734,893
734,920
734,926
734,936
734,1001
734,1020
734,1051
734,1070
734,1091
734,1119
734,1452
734,1461
734,1466
734,1474
734,1553
735,439
735,498
735,527
736,506
737,269
737,311
737,1098
738,303
738,646
738,665
738,1037
740,38
740,155
740,184
740,442
740,445
740,449
740,519
740,585
740,709
740,1001
740,1048
741,506
742,860
742,1172
743,729
743,761
743,1001
743,1209
743,1266
743,1530
744,285
744,461
744,522
744,599
744,1035
744,1101
744,1195
746,311
746,354
746,1459
747,29
747,58
747,577
747,725
747,739
747,920
747,1131
747,1301
747,1429
747,1438
747,1553
748,81
748,84
748,504
748,709
748,870
748,948
748,1099
748,1202
748,1219
748,1385
748,1404
748,1456
749,244
749,259
749,351
749,366
749,439
749,511
749,577
749,665
749,717
749,762
749,769
749,783
749,807
749,808
749,1020
749,1051
749,1056
749,1059
749,1066
749,1070
749,1119
749,1288
749,1394
749,1459
749,1461
749,1474
750,505
750,519
750,807
750,808
750,936
750,1020
750,1059
751,630
751,647
751,692
751,722
751,865
751,954
751,1051
751,1070
751,1128
751,1192
752,993
752,1372
753,36
753,38
753,56
753,185
753,232
753,421
753,498
753,519
753,681
753,761
753,839
753,860
753,936
753,984
753,1000
753,1001
753,1048
753,1051
753,1070
753,1091
753,1172
753,1209
753,1213
753,1452
753,1553
754,132
754,145
754,162
754,445
754,461
754,498
754,635
754,665
754,684
754,717
754,807
754,819
754,859
754,1020
754,1051
754,1059
754,1066
754,1070
754,1091
754,1119
754,1262
754,1288
754,1459
754,1461
754,1474
755,154
755,155
755,269
755,445
755,503
755,506
755,617
755,618
755,709
755,789
755,936
755,948
755,1098
755,1407
755,1459
755,1553
756,0
756,36
756,38
756,64
756,154
756,155
756,162
756,178
756,184
756,185
756,199
756,269
756,280
756,441
756,442
756,445
756,449
756,503
756,505
756,506
756,511
756,519
756,534
756,585
756,588
756,665
756,709
756,717
756,789
756,807
756,839
756,854
756,886
756,920
756,948
756,1001
756,1020
756,1025
756,1048
756,1059
756,1098
756,1151
756,1154
756,1209
756,1213
756,1288
756,1407
756,1459
756,1553
757,285
757,414
757,431
757,475
757,486
757,854
757,1086
758,269
758,617
758,1098
759,1195
760,243
760,285
760,294
760,461
760,522
760,546
760,854
760,1080
760,1389
761,154
761,269
761,617
761,618
761,1098
762,311
762,354
763,506
763,808
763,1020
763,1066
763,1461
764,259
764,1425
765,117
765,197
765,546
765,854
765,920
765,1236
765,1503
765,1530
767,1402
767,1549
768,217
768,285
768,522
769,185
769,421
769,936
769,1020
769,1066
769,1452
769,1530
769,1542
769,1553
770,1346
771,285
771,522
772,6
772,11
772,201
772,243
772,253
772,265
772,436
772,440
772,458
772,607
772,671
772,709
772,808
772,823
772,827
772,840
772,871
772,874
772,903
772,904
772,912
772,958
772,965
772,992
772,1042
772,1066
772,1214
772,1254
772,1312
772,1436
772,1438
772,1523
773,38
773,91
773,155
773,182
773,214
773,243
773,319
773,414
773,504
773,948
773,1001
773,1079
774,199
774,725
774,886
774,1154
776,155
776,162
776,178
776,445
776,506
776,534
776,665
776,808
776,1048
776,1051
776,1119
776,1474
777,329
777,337
777,507
777,577
777,643
777,779
777,780
777,975
777,1110
777,1372
777,1430
777,1516
778,236
778,378
778,472
778,501
778,511
778,652
778,665
778,687
778,717
778,769
778,772
778,807
778,808
778,1020
778,1066
778,1110
778,1153
778,1157
778,1213
778,1288
778,1407
778,1429
778,1459
778,1461
778,1553
779,155
779,212
779,244
779,313
779,319
779,351
779,354
779,392
779,412
779,504
779,522
779,531
779,585
779,709
779,785
779,789
779,1020
779,1059
779,1202
779,1213
779,1385
779,1534
780,185
780,442
780,449
781,27
781,35
781,122
781,154
781,212
781,244
781,262
781,286
781,311
781,313
781,319
781,329
781,335
781,336
781,392
781,439
781,454
781,504
781,522
781,560
781,577
781,643
781,665
781,708
781,717
781,808
781,901
781,1001
781,1051
781,1101
781,1132
781,1332
781,1344
781,1372
781,1384
781,1517
782,308
782,461
782,565
782,649
782,686
782,1027
782,1257
782,1259
783,155
783,243
783,461
784,43
784,199
784,725
784,727
784,885
784,886
784,966
784,1020
784,1154
784,1197
784,1512
785,155
785,200
785,456
785,495
785,725
785,1342
785,1429
785,1444
785,1471
786,1109
786,1148
786,1343
787,81
787,297
787,451
787,504
787,560
787,568
787,570
787,709
787,807
787,808
787,870
787,917
787,920
787,961
787,1018
787,1080
787,1099
787,1187
787,1202
787,1219
787,1279
787,1288
787,1404
787,1461
787,1530
788,57
788,64
788,142
788,269
788,310
788,313
788,319
788,336
788,439
788,454
788,527
788,530
788,531
788,577
788,665
788,762
788,808
788,819
788,842
788,911
788,969
788,1008
788,1123
788,1177
788,1192
788,1344
788,1372
789,665
789,920
789,988
789,1059
789,1554
790,155
790,505
790,839
791,98
791,561
791,1310
791,1473
792,807
792,808
792,1020
792,1213
792,1310
792,1461
792,1510
793,95
793,145
793,243
793,461
793,684
793,1262
793,1278
796,761
796,1209
796,1459
797,67
797,808
797,1020
797,1066
797,1530
798,178
798,503
798,617
798,740
798,816
798,1541
799,91
799,1461
800,98
800,561
800,863
801,210
801,259
801,461
801,665
801,1070
802,156
802,243
802,259
802,311
802,337
802,348
802,354
802,439
802,530
802,577
802,585
802,618
802,665
802,762
802,807
802,808
802,854
802,1051
802,1070
802,1091
802,1119
802,1288
802,1310
802,1365
802,1474
803,35
803,122
803,286
803,439
803,577
803,643
803,901
803,920
803,1008
803,1051
803,1059
803,1066
803,1070
803,1091
803,1101
803,1132
803,1332
803,1344
803,1384
803,1517
804,26
804,485
804,506
804,1494
805,439
805,819
806,81
806,297
806,451
806,665
806,870
806,917
806,961
806,1059
806,1080
806,1187
806,1219
806,1279
806,1404
807,325
808,468
808,1027
808,1453
809,77
809,461
810,38
810,155
810,184
810,185
810,269
810,445
810,506
810,519
810,534
810,585
810,789
810,948
810,1001
810,1048
810,1098
810,1407
811,474
811,663
811,804
811,807
811,1288
811,1459
812,36
812,155
812,185
812,269
812,406
812,445
812,503
812,505
812,506
812,519
812,534
812,585
812,611
812,617
812,709
812,717
812,761
812,769
812,789
812,839
812,936
812,948
812,1001
812,1048
812,1056
812,1059
812,1209
812,1213
812,1459
812,1461
812,1553
813,6
813,253
813,265
813,440
813,607
813,665
813,671
813,823
813,827
813,840
813,871
813,874
813,958
813,965
813,1020
813,1066
813,1214
813,1254
813,1436
814,621
814,717
814,956
814,1118
814,1219
814,1510
814,1511
814,1518
814,1519
815,91
815,127
815,464
815,665
815,666
817,0
817,60
817,154
817,185
817,269
817,285
817,442
817,445
817,449
817,472
817,473
817,511
817,519
817,575
817,588
817,617
817,618
817,709
817,764
817,769
817,772
817,789
817,808
817,1098
817,1152
817,1409
817,1429
817,1504
817,1514
817,1515
817,1523
817,1553
818,1394
819,185
819,665
819,729
819,761
819,1020
819,1209
819,1459
820,397
820,801
820,1034
820,1056
821,188
821,274
821,311
821,361
821,617
821,687
821,1098
822,43
822,178
822,224
822,367
822,555
822,709
822,725
822,727
822,803
822,808
822,878
822,885
822,886
822,981
822,1051
822,1056
822,1059
822,1066
822,1154
822,1459
823,154
823,269
823,617
823,618
823,1098
823,1407
823,1459
824,0
824,36
824,38
824,154
824,155
824,178
824,184
824,185
824,269
824,406
824,442
824,445
824,449
824,503
824,505
824,506
824,519
824,534
824,585
824,588
824,617
824,618
824,709
824,761
824,789
824,839
824,948
824,1001
824,1025
824,1048
824,1098
824,1209
824,1288
824,1343
824,1407
824,1553
825,406
825,482
825,1056
825,1059
825,1459
826,456
826,504
826,845
826,1066
827,131
827,210
827,262
827,309
827,319
827,351
827,439
827,531
827,577
827,632
827,665
827,753
827,762
827,772
827,819
827,830
827,843
827,876
827,971
827,988
827,1008
827,1038
827,1159
827,1192
827,1288
827,1394
827,1413
827,1460
827,1469
827,1549
828,23
828,130
828,155
828,184
828,455
828,474
828,496
828,503
828,505
828,534
828,585
828,663
828,665
828,717
828,751
828,804
828,807
828,808
828,920
828,936
828,1056
828,1059
828,1259
828,1288
828,1312
828,1342
828,1343
828,1444
828,1459
828,1461
828,1530
829,527
829,1014
830,20
830,133
830,155
830,269
830,406
830,445
830,482
830,519
830,680
830,709
830,789
830,1001
830,1070
830,1191
830,1343
830,1459
831,185
831,243
831,244
831,249
831,259
831,351
831,366
831,439
831,511
831,577
831,665
831,762
831,769
831,772
831,783
831,936
831,1001
831,1056
831,1070
831,1288
832,54
832,57
832,468
832,1059
832,1459
832,1502
832,1528
832,1543
832,1547
833,67
833,1549
834,6
834,201
834,243
834,253
834,265
834,436
834,440
834,458
834,607
834,671
834,808
834,823
834,827
834,840
834,871
834,874
834,903
834,904
834,958
834,965
834,992
834,1042
834,1066
834,1214
834,1254
834,1312
834,1436
834,1438
834,1523
834,1530
835,11
835,612
835,657
835,814
835,989
835,992
835,1030
835,1201
835,1357
835,1483
836,36
836,38
836,212
836,313
836,319
836,386
836,495
836,519
836,561
836,612
836,839
836,1001
837,155
837,503
837,505
837,534
837,585
837,948
837,1059
837,1452
838,91
838,218
838,305
838,366
838,413
838,439
838,464
838,522
838,560
838,570
838,577
838,808
838,819
838,920
838,1008
838,1066
838,1149
838,1288
838,1394
838,1402
838,1530
838,1549
839,0
839,36
839,38
839,154
839,155
839,178
839,184
839,185
839,269
839,406
839,442
839,445
839,449
839,505
839,506
839,519
839,534
839,585
839,617
839,618
839,665
839,709
839,761
839,789
839,839
839,936
839,948
839,1001
839,1025
839,1048
839,1098
839,1209
839,1213
839,1288
839,1553
840,956
840,1118
840,1510
840,1511
841,97
841,102
841,130
841,143
841,261
841,334
841,474
841,496
841,504
841,663
841,717
841,751
841,777
841,804
841,807
841,981
841,1020
841,1056
841,1149
841,1394
841,1440
842,66
842,178
842,210
842,259
842,366
842,451
842,665
842,819
842,883
842,884
842,1056
842,1234
842,1262
842,1421
842,1476
842,1555
843,5
843,91
843,143
843,258
843,330
843,332
843,340
843,412
843,413
843,492
843,664
843,665
843,689
843,717
843,762
843,769
843,807
843,819
843,829
843,920
843,1008
843,1020
843,1051
843,1056
843,1059
843,1070
843,1091
843,1149
843,1288
843,1402
843,1407
843,1427
843,1459
843,1461
843,1530
844,761
844,1209
845,53
845,66
845,130
845,178
845,199
845,200
845,658
845,663
845,725
845,804
845,878
845,886
845,891
845,1154
845,1406
846,155
846,178
846,269
846,534
846,585
846,761
846,839
846,936
846,948
846,1048
846,1059
846,1209
846,1452
846,1553
847,498
847,535
847,1051
847,1070
847,1266
848,91
848,664
848,807
849,154
849,155
849,162
849,184
849,243
849,269
849,445
849,503
849,506
849,519
849,534
849,585
849,617
849,618
849,709
849,789
849,839
849,936
849,948
849,1001
849,1070
849,1098
849,1151
849,1213
849,1343
849,1407
849,1459
849,1517
849,1553
850,397
850,801
850,1034
850,1056
851,1020
852,246
852,259
852,538
852,683
852,717
852,1461
853,61
853,336
853,337
853,369
853,422
853,461
853,577
853,1066
853,1168
853,1282
853,1435
854,1489
855,131
855,145
855,210
855,212
855,263
855,309
855,351
855,439
855,577
855,665
855,753
855,762
855,830
855,843
855,876
855,971
855,988
855,1008
855,1038
855,1056
855,1159
855,1192
855,1288
855,1394
855,1413
855,1460
855,1469
856,285
856,333
856,522
856,934
856,1219
856,1303
856,1346
857,1283
857,1399
857,1530
857,1549
858,421
858,1452
859,21
859,42
859,46
859,62
859,93
859,94
859,142
859,175
859,177
859,184
859,185
859,187
859,194
859,213
859,295
859,301
859,313
859,319
859,327
859,337
859,342
859,348
859,376
859,379
859,392
859,396
859,405
859,407
859,415
859,418
859,431
859,439
859,445
859,478
859,484
859,490
859,491
859,500
859,509
859,525
859,533
859,559
859,577
859,579
859,614
859,627
859,665
859,670
859,672
859,693
859,706
859,709
859,717
859,723
859,775
859,789
859,792
859,800
859,807
859,808
859,831
859,838
859,841
859,846
859,847
859,854
859,862
859,866
859,922
859,947
859,951
859,952
859,962
859,969
859,976
859,1002
859,1020
859,1025
859,1028
859,1047
859,1048
859,1056
859,1059
859,1068
859,1072
859,1077
859,1083
859,1125
859,1146
859,1156
859,1158
859,1178
859,1182
859,1185
859,1186
859,1190
859,1202
859,1215
859,1225
859,1245
859,1247
859,1248
859,1260
859,1263
859,1288
859,1295
859,1299
859,1304
859,1318
859,1322
859,1324
859,1325
859,1330
859,1374
859,1385
859,1420
859,1439
859,1443
859,1459
859,1461
859,1462
859,1482
859,1490
859,1491
859,1501
859,1520
859,1525
859,1551
859,1552
860,113
860,127
860,565
860,649
860,737
860,762
860,1123
860,1173
860,1257
861,145
861,461
861,710
861,1070
861,1262
862,145
862,163
862,243
862,285
862,337
862,366
862,461
862,522
862,684
862,1262
862,1461
863,127
863,643
863,975
863,1516
863,1517
865,285
865,414
865,522
865,666
865,779
865,934
866,640
866,920
867,992
868,505
868,936
868,986
868,1553
869,154
869,269
869,617
869,618
869,1098
870,91
870,305
870,819
870,920
871,25
871,32
871,37
871,93
871,112
871,123
871,126
871,128
871,142
871,153
871,159
871,175
871,176
871,177
871,194
871,196
871,212
871,219
871,221
871,225
871,295
871,301
871,303
871,312
871,313
871,316
871,319
871,320
871,342
871,363
871,376
871,377
871,388
871,396
871,405
871,407
871,415
871,418
871,469
871,484
871,490
871,500
871,509
871,512
871,531
871,577
871,614
871,627
871,637
871,670
871,672
871,694
871,767
871,792
871,800
871,826
871,831
871,838
871,846
871,847
871,859
871,862
871,866
871,868
871,887
871,889
871,895
871,897
871,920
871,921
871,932
871,935
871,942
871,947
871,951
871,957
871,976
871,982
871,1002
871,1008
871,1068
871,1072
871,1076
871,1077
871,1083
871,1097
871,1121
871,1125
871,1140
871,1158
871,1174
871,1178
871,1185
871,1186
871,1190
871,1215
871,1217
871,1225
871,1233
871,1239
871,1245
871,1247
871,1248
871,1260
871,1274
871,1322
871,1323
871,1324
871,1325
871,1327
871,1385
871,1411
871,1414
871,1415
871,1439
871,1443
871,1449
871,1467
871,1486
871,1488
871,1490
871,1491
871,1501
871,1513
871,1520
871,1525
871,1551
872,936
872,1213
872,1553
873,311
873,354
874,534
875,1553
876,336
876,1056
876,1066
876,1283
876,1399
876,1530
878,98
878,136
878,145
878,243
878,336
878,339
878,366
878,439
878,461
878,520
878,561
878,577
878,715
878,762
878,819
878,939
878,1160
878,1291
878,1421
879,212
879,259
879,320
879,376
879,379
879,531
879,577
879,665
879,726
879,800
879,847
879,916
879,957
879,976
879,1002
879,1263
879,1322
880,57
880,127
880,145
880,160
880,414
880,461
880,684
880,815
880,1262
881,285
881,414
881,522
881,934
882,239
882,243
882,285
882,854
883,155
883,215
883,445
883,503
883,585
883,709
883,789
883,948
884,269
884,617
884,618
884,1098
885,631
885,632
886,445
886,709
886,789
886,807
886,1056
887,154
887,269
887,445
887,503
887,506
887,617
887,618
887,789
887,1059
887,1070
887,1098
888,56
888,348
888,736
888,1402
889,808
889,886
890,524
890,788
890,903
890,1051
890,1070
890,1091
890,1378
890,1474
891,243
891,285
891,522
891,799
892,131
892,161
892,244
892,309
892,439
892,454
892,665
892,762
892,819
892,830
892,843
892,876
892,971
892,988
892,1051
892,1159
892,1192
892,1459
892,1469
892,1554
893,184
893,185
893,249
893,442
893,445
893,449
893,506
893,665
893,709
893,729
893,761
893,789
893,804
893,807
893,878
893,920
893,1020
893,1051
893,1059
893,1070
893,1209
893,1213
893,1288
893,1407
893,1459
894,0
894,6
894,36
894,38
894,154
894,155
894,162
894,178
894,184
894,185
894,243
894,249
894,253
894,265
894,269
894,406
894,430
894,440
894,442
894,445
894,449
894,503
894,505
894,506
894,519
894,534
894,585
894,588
894,607
894,617
894,618
894,665
894,671
894,681
894,709
894,717
894,729
894,761
894,789
894,823
894,827
894,839
894,840
894,859
894,871
894,874
894,948
894,958
894,965
894,1001
894,1020
894,1025
894,1048
894,1056
894,1059
894,1098
894,1209
894,1213
894,1214
894,1254
894,1343
894,1436
894,1459
895,504
895,665
895,761
895,1209
896,98
896,461
896,561
896,863
896,1262
896,1326
897,269
897,498
897,617
897,635
897,1056
897,1098
897,1459
898,178
898,394
898,406
898,511
898,665
898,717
898,769
898,772
898,807
898,808
898,1018
898,1020
898,1056
898,1059
898,1288
898,1429
898,1459
898,1461
898,1549
899,92
899,155
899,185
899,215
899,498
899,503
899,505
899,534
899,585
899,635
899,665
899,807
899,878
899,920
899,948
899,1051
899,1059
899,1070
899,1091
899,1242
899,1459
899,1474
901,63
901,336
901,577
901,665
901,717
901,920
901,1008
901,1018
901,1020
901,1056
901,1059
901,1339
901,1459
901,1461
901,1535
902,412
902,808
903,807
903,1056
903,1059
903,1257
903,1343
903,1372
904,269
904,461
904,743
904,1098
905,303
905,464
905,646
905,666
905,1056
905,1267
905,1351
907,109
907,237
907,256
907,285
907,308
907,522
907,565
907,649
907,709
907,717
907,786
907,854
907,1020
907,1173
907,1257
907,1259
907,1453
907,1485
907,1540
907,1553
910,1259
911,178
911,506
911,1420
913,132
913,285
913,717
913,807
913,859
913,1020
913,1056
913,1288
914,77
914,145
914,259
914,366
914,439
914,461
914,498
914,635
914,665
914,684
914,762
914,944
914,1051
914,1070
914,1262
915,10
915,13
915,423
915,511
915,532
915,1101
916,178
916,503
916,505
916,534
916,1056
917,91
917,413
917,664
917,743
917,807
917,1149
917,1288
918,130
918,178
918,199
918,406
918,445
918,474
918,665
918,717
918,751
918,804
918,807
918,886
918,1020
918,1056
918,1070
918,1154
918,1288
918,1459
918,1461
919,162
919,311
919,354
919,665
920,154
920,178
920,269
920,445
920,504
920,506
920,617
920,618
920,665
920,709
920,789
920,936
920,1098
920,1213
920,1459
920,1553
921,163
921,234
921,243
921,246
921,255
921,257
921,285
921,290
921,294
921,310
921,337
921,348
921,414
921,461
921,522
921,546
921,665
921,684
921,695
921,717
921,762
921,795
921,808
921,854
921,885
921,920
921,934
921,1018
921,1020
921,1035
921,1059
921,1066
921,1234
921,1262
921,1333
921,1461
922,6
922,253
922,265
922,440
922,479
922,607
922,665
922,671
922,808
922,823
922,827
922,840
922,871
922,874
922,958
922,965
922,1018
922,1020
922,1056
922,1214
922,1254
922,1436
922,1459
923,43
923,199
923,725
923,727
923,885
923,886
923,966
923,1154
923,1197
923,1512
924,124
924,717
924,1020
924,1056
924,1066
924,1461
925,36
925,38
925,155
925,162
925,184
925,185
925,442
925,445
925,449
925,503
925,505
925,506
925,519
925,534
925,585
925,709
925,761
925,789
925,839
925,948
925,1001
925,1209
925,1459
927,36
927,38
927,155
927,184
927,185
927,269
927,442
927,445
927,449
927,506
927,519
927,534
927,585
927,617
927,618
927,631
927,789
927,839
927,936
927,948
927,1001
927,1048
927,1288
927,1407
927,1553
928,155
928,178
928,249
928,427
928,503
928,505
928,534
928,585
928,665
928,709
928,789
928,936
928,1020
928,1209
928,1213
928,1365
928,1391
928,1459
929,91
929,664
929,743
930,54
930,234
930,635
930,926
930,1051
930,1070
930,1333
930,1452
930,1528
930,1534
930,1543
930,1547
931,36
931,38
931,155
931,184
931,185
931,442
931,445
931,449
931,503
931,505
931,519
931,534
931,585
931,709
931,761
931,789
931,839
931,948
931,1001
931,1048
931,1056
931,1209
932,0
932,155
932,184
932,185
932,445
932,519
932,588
932,709
932,789
932,839
932,948
932,1001
932,1056
932,1459
933,145
933,461
933,684
933,1262
934,243
935,216
935,239
935,255
935,257
935,348
935,658
935,802
935,854
935,1389
935,1530
936,285
936,339
936,1160
936,1291
937,91
937,413
937,665
937,717
938,124
938,218
938,807
938,1066
938,1288
939,686
939,703
939,739
939,920
939,1056
939,1059
939,1066
939,1459
939,1530
940,185
940,503
940,505
940,534
940,709
940,761
940,936
940,1209
940,1407
940,1459
940,1553
941,159
941,178
941,212
941,269
941,319
941,439
941,527
941,531
941,577
941,617
941,618
941,623
941,665
941,762
941,789
941,1008
941,1051
941,1066
941,1070
941,1091
941,1119
941,1474
941,1553
942,61
942,349
942,513
942,688
942,720
942,1431
942,1434
942,1442
943,244
943,448
943,1020
943,1056
943,1059
943,1549
944,729
944,761
944,1209
945,124
945,439
945,886
945,1259
945,1342
949,178
949,439
949,498
949,527
950,178
950,311
950,354
950,456
950,665
950,740
950,992
950,1056
950,1459
950,1534
950,1549
952,142
952,445
952,553
952,709
952,717
952,1056
952,1066
952,1461
953,6
953,253
953,265
953,440
953,607
953,671
953,823
953,827
953,840
953,871
953,874
953,958
953,965
953,1214
953,1254
953,1436
954,325
954,522
954,703
954,1392
955,0
955,36
955,38
955,154
955,155
955,162
955,178
955,184
955,185
955,216
955,269
955,406
955,430
955,442
955,445
955,449
955,503
955,504
955,505
955,506
955,519
955,534
955,585
955,588
955,611
955,617
955,618
955,665
955,709
955,717
955,761
955,789
955,839
955,859
955,920
955,948
955,1001
955,1008
955,1020
955,1025
955,1048
955,1056
955,1059
955,1066
955,1098
955,1209
955,1213
955,1343
955,1390
955,1407
955,1459
955,1461
955,1530
955,1553
956,145
956,178
956,210
956,259
956,665
956,1056
956,1288
957,1034
957,1101
958,192
958,229
958,311
958,354
958,498
958,539
958,553
958,635
958,798
958,1051
958,1070
958,1091
958,1447
959,185
959,729
959,761
959,1209
959,1213
959,1407
960,131
960,309
960,351
960,665
960,830
960,843
960,876
960,971
960,988
960,1056
960,1159
960,1459
960,1469
961,243
961,249
961,707
961,762
963,91
963,398
963,412
963,413
963,492
963,1056
963,1213
963,1402
963,1549
964,6
964,253
964,265
964,440
964,607
964,671
964,823
964,827
964,840
964,871
964,874
964,958
964,965
964,1214
964,1246
964,1254
964,1340
964,1380
964,1436
965,16
965,306
965,483
965,633
965,636
965,724
965,845
965,960
965,984
965,1089
965,1403
965,1472
965,1487
965,1505
966,36
966,155
966,498
966,503
966,505
966,534
966,585
966,729
966,761
966,839
966,936
966,948
966,986
966,1051
966,1059
966,1070
966,1091
966,1209
966,1392
966,1463
966,1553
967,761
967,1209
968,977
968,978
968,1066
968,1074
968,1530
969,98
969,243
969,461
969,561
969,684
969,1179
969,1262
970,1169
971,178
972,461
972,1155
973,1549
974,302
974,398
974,580
974,717
974,1020
974,1288
975,98
975,445
975,461
975,561
975,709
975,789
976,808
977,91
977,366
977,412
977,492
977,664
977,785
977,1213
978,154
978,269
978,617
978,618
978,709
978,936
978,1001
978,1020
978,1098
978,1407
978,1553
979,339
979,934
979,939
980,6
980,239
980,243
980,253
980,265
980,440
980,471
980,607
980,671
980,823
980,827
980,840
980,871
980,874
980,958
980,965
980,1066
980,1214
980,1254
980,1436
981,365
981,412
981,568
981,709
981,860
981,870
981,920
981,1008
981,1101
981,1172
981,1262
981,1549
982,577
984,281
984,502
986,95
986,154
986,155
986,162
986,184
986,185
986,199
986,269
986,311
986,430
986,445
986,503
986,506
986,519
986,534
986,585
986,617
986,618
986,681
986,709
986,789
986,808
986,839
986,886
986,948
986,1001
986,1070
986,1098
986,1154
986,1213
986,1343
986,1407
986,1459
986,1553
987,218
987,348
987,807
987,1056
987,1288
988,39
988,249
988,372
988,577
988,718
988,782
988,920
989,124
989,130
989,154
989,178
989,212
989,269
989,319
989,618
989,808
989,1098
989,1407
989,1459
989,1481
989,1553
990,154
990,178
990,199
990,269
990,285
990,430
990,445
990,498
990,506
990,617
990,618
990,709
990,789
990,808
990,886
990,936
990,1018
990,1051
990,1070
990,1098
990,1154
990,1213
990,1459
990,1553
991,348
991,665
991,717
991,762
991,1056
991,1059
992,230
992,647
992,722
992,954
992,1489
994,185
994,406
994,445
994,449
994,680
994,709
994,789
994,1066
994,1213
996,210
996,259
996,329
996,337
996,348
996,366
996,439
996,546
996,716
996,724
996,762
996,788
996,808
996,845
996,981
996,1056
996,1089
996,1261
996,1288
996,1389
996,1421
997,355
997,1401
998,633
998,724
998,845
998,1089
998,1472
998,1487
999,666
999,1039
999,1308
999,1311
999,1315
999,1351
1000,506
1002,461
1002,1278
1003,920
1004,606
1004,814
1005,131
1005,210
1005,259
1005,309
1005,577
1005,830
1005,843
1005,876
1005,971
1005,988
1005,990
1005,1159
1005,1469
1006,154
1006,269
1006,617
1006,618
1006,1066
1006,1098
1006,1530
1007,43
1007,199
1007,725
1007,727
1007,885
1007,886
1007,966
1007,1154
1007,1197
1007,1310
1007,1512
1008,399
1008,743
1008,777
1008,1339
1009,506
1010,178
1010,365
1010,421
1010,740
1010,920
1010,981
1010,1008
1010,1059
1010,1117
1010,1213
1010,1266
1010,1452
1011,18
1011,621
1011,856
1011,914
1011,944
1011,956
1011,1118
1011,1148
1011,1421
1011,1511
1011,1518
1011,1519
1013,264
1013,285
1013,311
1013,522
1013,904
1013,1000
1013,1059
1013,1101
1013,1179
1013,1346
1013,1452
1015,246
1016,91
1017,155
1017,354
1017,744
1017,1213
1017,1407
1017,1459
1017,1553
1018,143
1018,291
1018,577
1018,748
1018,936
1018,981
1018,1059
1018,1452
1018,1553
1019,210
1019,259
1019,348
1019,546
1019,561
1019,716
1019,717
1019,808
1019,920
1019,1261
1019,1389
1019,1421
1020,210
1020,243
1020,259
1020,337
1020,345
1020,366
1020,577
1020,762
1020,819
1020,1261
1020,1301
1020,1421
1021,30
1021,445
1022,91
1022,1012
1024,30
1024,240
1024,647
1025,72
1025,331
1025,714
1025,788
1026,91
1027,665
1027,717
1027,807
1027,808
1027,920
1027,936
1027,1020
1027,1056
1027,1059
1027,1066
1027,1213
1027,1288
1027,1407
1027,1459
1027,1553
1028,130
1028,199
1028,200
1028,334
1028,496
1028,504
1028,520
1028,663
1028,717
1028,751
1028,804
1028,807
1028,886
1028,1149
1028,1154
1028,1288
1028,1343
1028,1444
1029,210
1029,243
1029,259
1029,433
1029,717
1030,290
1030,348
1030,507
1030,546
1030,695
1030,780
1030,854
1033,77
1033,145
1033,210
1033,259
1033,366
1033,439
1033,461
1033,577
1033,665
1033,684
1033,717
1033,807
1033,819
1033,1056
1033,1261
1033,1262
1033,1421
1033,1459
1033,1461
1034,1056
1035,98
1035,311
1035,561
1035,1473
1036,26
1036,395
1036,872
1036,1039
1036,1311
1036,1315
1036,1494
1037,1
1037,15
1037,19
1037,21
1037,32
1037,33
1037,34
1037,42
1037,46
1037,62
1037,94
1037,105
1037,110
1037,111
1037,112
1037,116
1037,123
1037,134
1037,142
1037,148
1037,153
1037,159
1037,170
1037,175
1037,177
1037,178
1037,187
1037,194
1037,196
1037,209
1037,212
1037,213
1037,221
1037,222
1037,225
1037,238
1037,252
1037,276
1037,282
1037,291
1037,295
1037,296
1037,301
1037,312
1037,313
1037,316
1037,319
1037,322
1037,327
1037,337
1037,342
1037,356
1037,362
1037,373
1037,376
1037,377
1037,380
1037,388
1037,389
1037,396
1037,405
1037,432
1037,435
1037,439
1037,469
1037,476
1037,478
1037,490
1037,491
1037,500
1037,512
1037,525
1037,533
1037,543
1037,559
1037,577
1037,589
1037,596
1037,605
1037,610
1037,614
1037,634
1037,641
1037,653
1037,654
1037,669
1037,670
1037,672
1037,675
1037,693
1037,702
1037,704
1037,705
1037,706
1037,723
1037,757
1037,766
1037,774
1037,775
1037,781
1037,794
1037,800
1037,811
1037,826
1037,831
1037,835
1037,841
1037,847
1037,849
1037,857
1037,862
1037,868
1037,881
1037,889
1037,892
1037,895
1037,897
1037,898
1037,910
1037,915
1037,921
1037,922
1037,923
1037,932
1037,942
1037,943
1037,947
1037,950
1037,951
1037,952
1037,962
1037,970
1037,976
1037,979
1037,982
1037,987
1037,1002
1037,1004
1037,1005
1037,1006
1037,1007
1037,1023
1037,1024
1037,1026
1037,1040
1037,1041
1037,1047
1037,1052
1037,1058
1037,1072
1037,1076
1037,1081
1037,1082
1037,1083
1037,1088
1037,1090
1037,1093
1037,1103
1037,1104
1037,1106
1037,1115
1037,1126
1037,1134
1037,1138
1037,1140
1037,1146
1037,1156
1037,1158
1037,1165
1037,1175
1037,1178
1037,1180
1037,1182
1037,1186
1037,1190
1037,1193
1037,1205
1037,1206
1037,1217
1037,1220
1037,1225
1037,1233
1037,1238
1037,1244
1037,1248
1037,1263
1037,1264
1037,1265
1037,1288
1037,1290
1037,1294
1037,1295
1037,1299
1037,1302
1037,1304
1037,1316
1037,1318
1037,1319
1037,1323
1037,1324
1037,1325
1037,1341
1037,1349
1037,1361
1037,1363
1037,1374
1037,1395
1037,1405
1037,1411
1037,1417
1037,1426
1037,1433
1037,1439
1037,1443
1037,1446
1037,1449
1037,1454
1037,1457
1037,1462
1037,1467
1037,1482
1037,1484
1037,1490
1037,1491
1037,1493
1037,1497
1037,1498
1037,1501
1037,1513
1037,1520
1037,1525
1037,1531
1037,1544
1037,1545
1037,1546
1037,1552
1038,155
1038,215
1038,534
1038,585
1038,948
1039,143
1039,155
1039,162
1039,178
1039,244
1039,351
1039,364
1039,366
1039,446
1039,503
1039,617
1039,656
1039,665
1039,736
1039,772
1039,807
1039,808
1039,819
1039,920
1039,936
1039,948
1039,1008
1039,1056
1039,1136
1039,1213
1039,1283
1039,1288
1039,1343
1039,1394
1039,1399
1039,1402
1039,1530
1039,1549
1039,1553
1040,0
1040,36
1040,38
1040,155
1040,162
1040,178
1040,184
1040,185
1040,430
1040,442
1040,445
1040,449
1040,505
1040,506
1040,519
1040,534
1040,585
1040,709
1040,761
1040,789
1040,807
1040,839
1040,948
1040,1001
1040,1025
1040,1048
1040,1056
1040,1209
1040,1213
1040,1459
1040,1518
1041,91
1041,366
1041,492
1041,1262
1041,1402
1041,1549
1042,161
1042,285
1042,433
1042,502
1042,689
1042,1389
1043,575
1044,6
1044,265
1044,440
1044,607
1044,671
1044,823
1044,827
1044,871
1044,958
1044,965
1044,1214
1044,1254
1044,1436
1045,91
1045,664
1045,1056
1046,337
1046,439
1046,530
1046,577
1046,665
1046,993
1046,1051
1046,1056
1046,1119
1046,1200
1046,1394
1046,1474
1047,188
1047,236
1047,274
1047,361
1047,378
1047,501
1047,652
1047,691
1047,1157
1047,1161
1048,8
1048,20
1048,133
1048,188
1048,236
1048,274
1048,361
1048,378
1048,394
1048,406
1048,421
1048,450
1048,481
1048,482
1048,498
1048,501
1048,635
1048,652
1048,687
1048,691
1048,717
1048,798
1048,808
1048,920
1048,1017
1048,1020
1048,1022
1048,1051
1048,1056
1048,1059
1048,1066
1048,1070
1048,1079
1048,1091
1048,1157
1048,1161
1048,1191
1048,1452
1048,1459
1048,1461
1048,1530
1048,1549
1049,504
1049,606
1049,1262
1049,1471
1050,155
1050,232
1050,421
1050,498
1050,503
1050,505
1050,519
1050,534
1050,585
1050,729
1050,761
1050,936
1050,948
1050,986
1050,1091
1050,1209
1050,1213
1050,1432
1050,1459
1050,1530
1050,1553
1051,761
1053,35
1053,79
1053,285
1053,360
1053,370
1053,717
1053,828
1053,920
1053,1020
1053,1056
1053,1059
1053,1113
1053,1122
1053,1422
1053,1459
1053,1461
1053,1465
1053,1480
1053,1502
1054,30
1054,43
1054,178
1054,199
1054,240
1054,311
1054,354
1054,390
1054,498
1054,617
1054,635
1054,725
1054,727
1054,885
1054,886
1054,966
1054,1051
1054,1070
1054,1091
1054,1154
1054,1197
1054,1512
1055,132
1055,154
1055,269
1055,617
1055,618
1055,1056
1055,1098
1055,1459
1056,77
1056,145
1056,243
1056,290
1056,329
1056,336
1056,337
1056,366
1056,369
1056,439
1056,454
1056,461
1056,498
1056,545
1056,565
1056,649
1056,684
1056,689
1056,762
1056,1051
1056,1070
1056,1234
1056,1257
1056,1262
1056,1321
1057,30
1057,240
1057,368
1057,390
1057,804
1057,1343
1058,439
1059,128
1059,301
1059,313
1059,376
1059,396
1059,577
1059,610
1059,672
1059,819
1059,1028
1059,1068
1059,1158
1059,1225
1059,1324
1059,1325
1059,1330
1059,1420
1059,1439
1059,1501
1059,1520
1060,2
1060,6
1060,253
1060,265
1060,440
1060,471
1060,607
1060,671
1060,823
1060,827
1060,840
1060,871
1060,874
1060,958
1060,965
1060,1214
1060,1254
1060,1436
1061,230
1061,285
1061,329
1061,337
1061,507
1061,750
1061,779
1061,780
1061,954
1061,1237
1061,1262
1061,1343
1061,1372
1061,1428
1061,1430
1062,729
1062,761
1062,1209
1062,1530
1063,354
1063,445
1063,504
1063,683
1063,729
1063,789
1063,934
1063,936
1063,1001
1063,1553
1064,154
1064,178
1064,269
1064,617
1064,618
1064,1098
1065,155
1065,421
1065,808
1065,948
1065,1066
1065,1452
1065,1530
1066,399
1067,197
1067,249
1067,439
1067,854
1067,1236
1067,1503
1068,91
1069,313
1069,319
1069,386
1069,984
1070,647
1070,722
1070,1475
1071,421
1071,717
1071,936
1071,1059
1071,1213
1071,1452
1071,1459
1071,1553
1072,50
1072,249
1072,285
1072,522
1072,807
1072,828
1072,888
1072,920
1072,1066
1072,1158
1072,1308
1073,761
1073,1059
1073,1209
1073,1459
1074,495
1074,1091
1075,511
1075,769
1075,772
1075,789
1075,808
1075,1056
1075,1070
1075,1098
1075,1213
1075,1459
1075,1553
1076,337
1076,561
1076,890
1076,1262
1076,1310
1077,145
1077,178
1077,243
1077,364
1077,366
1077,489
1077,665
1077,762
1077,807
1077,808
1077,819
1077,1056
1077,1059
1077,1288
1077,1343
1077,1474
1078,64
1079,364
1079,665
1079,717
1079,807
1079,1020
1079,1056
1079,1288
1080,60
1080,406
1080,473
1080,519
1080,764
1080,808
1080,1051
1080,1070
1080,1429
1080,1530
1081,112
1081,210
1081,242
1081,259
1081,407
1081,461
1081,577
1081,838
1081,935
1081,1215
1081,1262
1081,1414
1082,2
1082,216
1082,244
1082,259
1082,290
1082,293
1082,294
1082,333
1082,348
1082,421
1082,504
1082,546
1082,578
1082,695
1082,709
1082,717
1082,807
1082,808
1082,819
1082,854
1082,920
1082,934
1082,954
1082,1020
1082,1033
1082,1056
1082,1137
1082,1195
1082,1202
1082,1257
1082,1288
1082,1389
1082,1452
1082,1461
1082,1549
1083,243
1084,196
1084,1449
1085,91
1085,664
1085,1012
1086,287
1086,348
1086,790
1087,782
1087,936
1087,1213
1087,1553
1088,21
1088,42
1088,62
1088,153
1088,212
1088,301
1088,313
1088,320
1088,322
1088,376
1088,469
1088,476
1088,478
1088,490
1088,491
1088,531
1088,577
1088,653
1088,670
1088,757
1088,775
1088,794
1088,800
1088,835
1088,849
1088,895
1088,942
1088,957
1088,976
1088,1002
1088,1072
1088,1156
1088,1244
1088,1322
1088,1349
1088,1385
1088,1439
1088,1488
1088,1491
1089,761
1089,1209
1090,243
1090,285
1090,310
1090,337
1090,348
1090,366
1090,414
1090,461
1090,520
1090,522
1090,546
1090,684
1090,717
1090,753
1090,762
1090,799
1090,854
1090,934
1090,1035
1090,1148
1090,1262
1090,1389
1090,1421
1090,1503
1091,311
1091,354
1092,218
1092,819
1092,1288
1093,6
1093,265
1093,440
1093,461
1093,498
1093,527
1093,671
1093,920
1093,965
1093,1014
1093,1214
1093,1288
1093,1530
