Drug,CircRNA
0,25
0,72
1,7
1,11
1,38
1,55
1,60
1,76
1,79
1,96
1,109
1,112
1,113
1,135
1,139
1,156
1,160
1,174
1,179
1,183
1,192
1,194
1,254
1,256
1,261
1,262
1,266
2,0
2,91
2,112
2,130
2,133
2,141
2,267
3,5
3,7
3,11
3,15
3,23
3,24
3,27
3,28
3,29
3,31
3,37
3,38
3,44
3,46
3,50
3,53
3,54
3,58
3,72
3,83
3,85
3,94
3,98
3,99
3,103
3,111
3,112
3,113
3,115
3,121
3,130
3,135
3,137
3,154
3,156
3,179
3,188
3,214
3,216
3,219
3,220
3,250
4,23
4,24
4,75
4,79
4,86
4,197
4,256
5,267
6,46
6,112
7,112
7,115
7,125
7,135
7,219
8,7
8,11
8,23
8,24
8,27
8,28
8,29
8,30
8,31
8,38
8,43
8,44
8,46
8,50
8,53
8,55
8,59
8,60
8,72
8,75
8,76
8,77
8,79
8,82
8,85
8,90
8,93
8,94
8,96
8,97
8,98
8,99
8,105
8,111
8,112
8,113
8,115
8,121
8,126
8,130
8,135
8,146
8,154
8,155
8,156
8,157
8,160
8,166
8,182
8,183
8,188
8,191
8,192
8,194
8,201
8,205
8,209
8,219
8,220
8,221
8,223
8,224
8,232
8,235
8,239
8,243
8,245
8,250
8,256
8,258
8,260
8,262
8,266
9,16
9,23
9,36
9,55
9,99
9,120
9,175
9,179
10,66
10,68
10,112
10,128
10,179
10,211
11,23
11,24
11,29
11,85
11,93
11,141
11,152
11,183
11,236
12,7
12,11
12,15
12,23
12,28
12,46
12,50
12,58
12,72
12,76
12,94
12,98
12,112
12,115
12,135
12,145
12,149
12,188
12,194
12,201
12,214
12,219
12,243
12,250
12,260
13,62
13,75
13,76
13,96
13,112
13,124
13,134
13,141
13,157
13,174
13,179
13,183
13,195
13,209
13,241
13,247
13,256
13,257
13,258
13,267
14,0
14,55
14,112
15,112
15,133
15,141
15,179
16,5
16,11
16,16
16,46
16,54
16,66
16,88
16,100
16,108
16,150
16,260
16,265
17,0
17,112
17,121
17,141
17,179
17,191
17,265
18,3
18,8
18,11
18,15
18,37
18,50
18,52
18,78
18,105
18,113
18,115
18,117
18,130
18,153
18,154
18,155
18,160
18,178
18,179
18,250
18,265
18,269
19,47
19,179
20,11
20,15
20,29
20,47
20,55
20,131
20,135
20,141
20,151
20,203
20,250
20,262
20,267
21,17
21,23
21,24
21,25
21,29
21,41
21,48
21,50
21,76
21,83
21,112
21,141
21,183
21,190
21,191
21,231
21,241
21,258
22,15
22,50
22,90
22,98
22,109
22,115
22,146
22,156
22,245
22,250
22,262
23,41
23,48
23,76
23,96
23,112
23,124
23,141
23,157
23,183
23,195
23,197
23,231
23,247
23,256
23,258
24,7
24,11
24,16
24,30
24,46
24,47
24,48
24,50
24,55
24,60
24,64
24,74
24,75
24,76
24,79
24,81
24,85
24,96
24,112
24,123
24,135
24,141
24,147
24,149
24,150
24,160
24,174
24,183
24,187
24,192
24,203
24,219
24,224
24,241
24,247
24,250
24,253
24,256
24,258
24,267
25,11
25,34
25,46
25,48
25,60
25,74
25,75
25,76
25,79
25,85
25,93
25,94
25,96
25,97
25,113
25,115
25,116
25,126
25,133
25,134
25,140
25,141
25,160
25,171
25,174
25,179
25,183
25,185
25,247
25,256
25,258
26,7
26,11
26,12
26,15
26,23
26,24
26,25
26,27
26,28
26,29
26,31
26,37
26,46
26,55
26,72
26,76
26,85
26,93
26,96
26,98
26,100
26,101
26,112
26,113
26,115
26,126
26,130
26,135
26,154
26,155
26,160
26,166
26,186
26,209
26,214
26,219
26,236
26,243
26,244
26,251
26,258
26,269
27,0
27,2
27,7
27,11
27,15
27,17
27,20
27,22
27,23
27,24
27,25
27,26
27,27
27,28
27,29
27,30
27,31
27,41
27,46
27,49
27,50
27,53
27,54
27,55
27,56
27,58
27,59
27,64
27,82
27,85
27,104
27,107
27,108
27,109
27,130
27,133
27,135
27,141
27,142
27,166
27,187
27,194
27,201
27,219
27,220
27,224
27,231
27,236
27,243
27,244
27,245
27,250
27,262
27,265
28,7
28,11
28,15
28,23
28,30
28,38
28,46
28,50
28,57
28,58
28,75
28,76
28,90
28,94
28,112
28,115
28,121
28,126
28,135
28,139
28,154
28,173
28,179
28,187
28,201
28,228
28,239
28,250
28,256
28,258
28,267
28,269
29,112
30,7
30,11
30,15
30,22
30,23
30,24
30,29
30,30
30,31
30,36
30,38
30,53
30,55
30,56
30,77
30,82
30,85
30,88
30,112
30,113
30,115
30,117
30,135
30,144
30,154
30,188
30,201
30,205
30,219
30,228
30,229
30,236
30,239
30,243
30,250
30,262
31,24
31,27
31,37
31,46
31,50
31,75
31,90
31,94
31,115
31,130
31,154
31,169
31,219
31,231
31,249
31,251
31,256
32,154
33,11
33,46
33,50
33,112
33,115
33,179
34,47
34,252
35,11
35,49
35,55
35,112
35,139
35,219
35,250
35,256
36,7
36,15
36,23
36,24
36,25
36,27
36,29
36,30
36,35
36,48
36,50
36,56
36,58
36,76
36,83
36,109
36,135
36,141
36,154
36,173
36,177
36,183
36,219
36,231
36,236
36,250
36,269
37,141
38,223
39,16
39,65
39,102
40,47
40,168
40,236
40,242
40,261
41,11
41,15
41,44
41,46
41,50
41,72
41,76
41,78
41,80
41,98
41,100
41,115
41,121
41,130
41,135
41,154
41,179
41,188
41,192
41,201
41,213
41,214
41,220
41,269
42,30
42,55
42,66
42,100
42,135
42,144
42,165
42,212
42,241
42,267
43,141
44,11
44,46
44,76
44,183
44,212
45,8
45,34
45,46
45,94
45,113
45,115
45,160
45,174
45,179
45,183
45,221
46,2
46,7
46,15
46,23
46,24
46,27
46,29
46,30
46,31
46,41
46,48
46,56
46,58
46,74
46,76
46,83
46,109
46,120
46,130
46,135
46,141
46,144
46,178
46,182
46,183
46,210
46,219
46,231
46,236
46,250
46,258
46,262
47,112
47,124
48,5
48,11
48,46
48,50
48,94
48,115
48,217
48,219
48,247
49,2
49,7
49,23
49,24
49,30
49,49
49,56
49,135
49,141
49,200
49,236
49,262
50,5
50,7
50,11
50,12
50,22
50,24
50,27
50,37
50,44
50,46
50,50
50,53
50,54
50,56
50,60
50,72
50,74
50,76
50,85
50,94
50,98
50,103
50,115
50,121
50,130
50,135
50,166
50,173
50,194
50,201
50,214
50,219
50,220
50,223
50,236
50,250
51,7
51,10
51,11
51,32
51,38
51,45
51,50
51,55
51,75
51,76
51,77
51,85
51,92
51,93
51,96
51,98
51,100
51,105
51,112
51,113
51,115
51,123
51,135
51,146
51,150
51,154
51,187
51,192
51,219
51,239
51,256
51,262
51,266
51,267
52,55
52,112
52,139
52,179
52,254
53,3
53,7
53,11
53,23
53,26
53,29
53,30
53,31
53,38
53,46
53,49
53,50
53,53
53,55
53,56
53,58
53,75
53,76
53,78
53,79
53,85
53,86
53,93
53,112
53,113
53,115
53,117
53,126
53,135
53,150
53,154
53,187
53,188
53,194
53,219
53,224
53,239
53,243
53,250
53,256
53,262
53,266
53,267
54,11
54,62
54,135
54,141
54,151
54,154
54,219
55,14
55,105
55,267
56,94
56,112
56,128
56,133
57,15
57,105
57,135
57,154
57,186
57,250
58,112
58,149
58,228
58,266
59,11
59,15
59,28
59,30
59,39
59,47
59,50
59,55
59,76
59,105
59,135
59,151
59,182
59,186
59,192
59,194
59,219
59,239
59,250
59,256
59,266
60,24
60,27
60,29
60,31
60,37
60,90
60,94
60,112
60,115
60,130
60,154
60,156
60,219
60,221
61,47
61,68
61,112
61,179
61,261
62,11
62,50
62,112
62,115
62,125
62,135
62,219
63,65
63,147
63,220
64,50
64,94
64,113
64,115
64,118
64,141
64,179
64,183
65,85
65,141
65,183
65,188
65,191
65,220
65,243
66,112
66,135
66,141
66,219
67,2
67,7
67,11
67,15
67,23
67,24
67,25
67,27
67,28
67,29
67,30
67,31
67,41
67,46
67,49
67,50
67,53
67,55
67,56
67,58
67,64
67,82
67,85
67,88
67,96
67,108
67,115
67,130
67,135
67,137
67,141
67,146
67,150
67,152
67,154
67,163
67,166
67,168
67,172
67,180
67,188
67,198
67,200
67,201
67,216
67,219
67,224
67,231
67,236
67,262
68,94
68,252
68,265
69,7
69,11
69,23
69,24
69,27
69,28
69,29
69,31
69,46
69,53
69,62
69,63
69,72
69,78
69,85
69,90
69,94
69,100
69,112
69,113
69,115
69,121
69,130
69,135
69,154
69,155
69,175
69,179
69,191
69,194
69,214
69,219
69,234
69,266
70,5
70,15
70,23
70,24
70,27
70,37
70,47
70,74
70,79
70,90
70,115
70,130
70,139
70,154
70,256
70,257
71,23
71,24
71,25
71,60
71,75
71,76
71,141
71,157
71,183
71,191
71,241
71,256
71,257
71,258
72,7
72,11
72,12
72,15
72,19
72,23
72,29
72,31
72,37
72,38
72,46
72,55
72,56
72,58
72,72
72,74
72,76
72,78
72,82
72,85
72,93
72,94
72,98
72,100
72,112
72,115
72,130
72,135
72,154
72,157
72,175
72,179
72,188
72,194
72,206
72,219
72,236
72,239
72,247
72,250
72,258
72,266
73,2
73,5
73,7
73,11
73,23
73,24
73,25
73,27
73,29
73,30
73,31
73,36
73,38
73,46
73,49
73,50
73,55
73,56
73,59
73,60
73,64
73,72
73,75
73,79
73,81
73,82
73,85
73,87
73,90
73,98
73,104
73,105
73,108
73,112
73,113
73,117
73,135
73,139
73,141
73,143
73,145
73,154
73,155
73,156
73,157
73,166
73,178
73,184
73,188
73,191
73,194
73,201
73,219
73,220
73,224
73,228
73,232
73,236
73,243
73,244
73,250
73,256
73,262
73,266
73,267
73,269
74,41
74,48
74,72
74,74
74,75
74,76
74,96
74,110
74,115
74,141
74,174
74,179
74,183
74,247
74,258
74,261
75,7
75,11
75,23
75,24
75,29
75,38
75,46
75,52
75,72
75,74
75,76
75,82
75,85
75,94
75,98
75,106
75,108
75,112
75,115
75,121
75,135
75,194
75,201
75,214
75,219
75,220
75,250
75,260
75,269
76,7
76,11
76,12
76,15
76,23
76,38
76,43
76,44
76,46
76,48
76,55
76,57
76,58
76,60
76,62
76,66
76,72
76,74
76,75
76,76
76,79
76,82
76,85
76,96
76,101
76,112
76,113
76,115
76,117
76,121
76,126
76,134
76,135
76,141
76,149
76,150
76,154
76,160
76,174
76,179
76,181
76,183
76,188
76,191
76,192
76,194
76,201
76,210
76,211
76,214
76,219
76,220
76,221
76,232
76,235
76,243
76,245
76,247
76,250
76,256
76,257
76,258
76,262
76,266
76,269
77,15
77,23
77,24
77,25
77,27
77,29
77,30
77,31
77,48
77,58
77,60
77,74
77,76
77,83
77,130
77,135
77,141
77,154
77,183
77,219
77,231
77,247
77,258
77,261
77,266
78,7
78,11
78,34
78,60
78,62
78,79
78,85
78,112
78,119
78,145
78,157
78,184
78,188
78,191
78,192
78,194
78,262
78,265
78,266
78,267
79,5
79,7
79,11
79,12
79,16
79,22
79,24
79,27
79,29
79,38
79,43
79,46
79,50
79,53
79,55
79,59
79,60
79,66
79,70
79,72
79,74
79,75
79,76
79,77
79,81
79,85
79,92
79,94
79,96
79,97
79,98
79,99
79,103
79,105
79,109
79,111
79,112
79,113
79,115
79,121
79,128
79,130
79,134
79,135
79,149
79,154
79,155
79,156
79,179
79,188
79,194
79,201
79,214
79,219
79,220
79,228
79,232
79,236
79,243
79,250
79,256
79,258
79,260
79,266
80,5
80,7
80,11
80,12
80,16
80,22
80,24
80,27
80,29
80,31
80,38
80,44
80,46
80,50
80,53
80,55
80,59
80,60
80,70
80,72
80,74
80,76
80,79
80,85
80,92
80,94
80,96
80,97
80,98
80,99
80,103
80,105
80,109
80,111
80,112
80,115
80,121
80,130
80,134
80,135
80,149
80,150
80,154
80,155
80,179
80,188
80,194
80,201
80,214
80,216
80,219
80,220
80,223
80,232
80,243
80,250
80,256
80,258
80,260
80,269
81,252
82,3
82,7
82,11
82,15
82,23
82,24
82,27
82,29
82,30
82,31
82,38
82,46
82,50
82,53
82,55
82,56
82,81
82,82
82,83
82,85
82,99
82,101
82,104
82,105
82,108
82,115
82,126
82,130
82,135
82,151
82,154
82,175
82,192
82,219
82,224
82,229
82,236
82,239
82,243
82,250
82,255
82,256
82,266
83,135
83,219
83,220
84,11
84,38
84,46
84,72
84,74
84,76
84,85
84,94
84,112
84,134
84,170
84,179
84,183
84,194
84,202
84,204
84,220
84,230
84,232
84,247
84,258
85,7
85,11
85,12
85,15
85,23
85,24
85,27
85,28
85,29
85,31
85,37
85,38
85,46
85,50
85,52
85,53
85,55
85,56
85,74
85,76
85,78
85,82
85,85
85,90
85,92
85,94
85,98
85,99
85,100
85,106
85,112
85,115
85,130
85,135
85,139
85,154
85,157
85,182
85,194
85,201
85,214
85,216
85,219
85,220
85,243
85,245
85,250
85,258
85,262
86,7
86,11
86,38
86,46
86,49
86,60
86,62
86,64
86,76
86,79
86,81
86,82
86,91
86,109
86,112
86,119
86,135
86,139
86,145
86,151
86,157
86,160
86,166
86,173
86,178
86,179
86,183
86,184
86,186
86,188
86,192
86,194
86,220
86,243
86,251
86,262
86,265
86,266
86,267
86,269
87,7
87,15
87,23
87,24
87,25
87,27
87,29
87,30
87,31
87,41
87,55
87,56
87,84
87,130
87,135
87,141
87,187
87,200
87,219
87,239
87,250
88,41
88,109
88,112
88,115
88,188
88,207
89,17
89,24
89,29
89,48
89,75
89,76
89,91
89,96
89,102
89,109
89,116
89,119
89,130
89,138
89,141
89,146
89,178
89,183
89,184
89,210
89,212
89,247
89,256
89,258
89,262
90,5
90,7
90,11
90,15
90,23
90,46
90,50
90,78
90,90
90,100
90,113
90,115
90,130
90,135
90,154
90,179
90,194
90,209
90,219
90,238
91,23
91,76
91,79
91,130
91,141
91,174
91,183
91,256
92,5
92,7
92,11
92,37
92,38
92,43
92,46
92,48
92,50
92,60
92,74
92,76
92,79
92,82
92,94
92,98
92,100
92,112
92,115
92,135
92,145
92,157
92,160
92,166
92,170
92,179
92,183
92,192
92,194
92,201
92,214
92,219
92,220
92,245
92,258
92,269
93,7
93,11
93,15
93,19
93,23
93,24
93,29
93,34
93,38
93,46
93,50
93,66
93,72
93,74
93,76
93,82
93,83
93,85
93,90
93,94
93,98
93,99
93,100
93,108
93,109
93,112
93,115
93,130
93,134
93,135
93,154
93,160
93,188
93,193
93,194
93,201
93,202
93,212
93,214
93,216
93,219
93,220
93,232
93,236
93,243
93,247
93,269
94,11
94,135
94,151
94,154
95,7
95,23
95,75
95,96
95,112
95,135
95,154
95,160
95,179
95,183
95,186
95,256
96,28
96,51
96,112
96,135
96,136
96,230
96,262
97,11
97,46
97,63
97,72
97,75
97,112
97,179
97,183
97,190
98,2
98,7
98,11
98,19
98,22
98,23
98,24
98,29
98,31
98,40
98,41
98,42
98,46
98,49
98,50
98,55
98,59
98,78
98,85
98,90
98,98
98,113
98,115
98,120
98,135
98,141
98,146
98,154
98,178
98,201
98,219
98,236
98,239
98,243
98,250
98,262
99,14
99,263
100,7
100,11
100,33
100,46
100,50
100,76
100,112
100,134
100,139
100,151
100,192
100,194
100,201
100,256
100,260
100,267
101,7
101,11
101,15
101,23
101,24
101,25
101,27
101,28
101,29
101,31
101,37
101,46
101,52
101,53
101,56
101,58
101,66
101,83
101,90
101,93
101,94
101,98
101,110
101,111
101,112
101,115
101,121
101,125
101,126
101,130
101,135
101,139
101,141
101,154
101,169
101,194
101,216
101,219
101,232
101,236
101,243
101,262
102,7
102,11
102,23
102,29
102,30
102,31
102,38
102,58
102,89
102,112
102,113
102,117
102,130
102,131
102,135
102,141
102,148
102,150
102,153
102,154
102,188
102,219
102,228
102,248
102,250
102,262
103,11
103,24
103,28
103,29
103,30
103,38
103,46
103,55
103,60
103,66
103,72
103,76
103,82
103,85
103,94
103,99
103,100
103,106
103,108
103,112
103,135
103,145
103,188
103,194
103,201
103,219
103,220
103,236
103,243
103,260
104,6
104,64
104,66
104,72
104,100
104,124
104,132
104,143
104,145
104,157
104,188
104,220
104,230
104,232
104,243
104,257
104,265
104,270
105,133
105,169
106,5
106,7
106,11
106,46
106,48
106,60
106,72
106,74
106,76
106,79
106,92
106,94
106,112
106,115
106,135
106,157
106,170
106,175
106,179
106,183
106,194
106,219
106,220
106,224
106,232
106,247
106,256
106,258
107,23
107,24
107,25
107,27
107,29
107,48
107,60
107,74
107,75
107,76
107,79
107,96
107,134
107,141
107,160
107,171
107,174
107,183
107,241
107,247
107,256
107,258
108,16
108,30
108,47
108,55
108,64
108,135
108,157
108,219
108,250
108,256
108,267
109,15
109,19
109,23
109,24
109,25
109,27
109,28
109,29
109,31
109,41
109,56
109,105
109,115
109,135
109,141
109,154
109,219
109,239
109,250
110,7
110,11
110,16
110,21
110,29
110,31
110,37
110,40
110,46
110,55
110,57
110,60
110,62
110,64
110,76
110,79
110,82
110,85
110,92
110,106
110,112
110,135
110,145
110,146
110,154
110,157
110,174
110,182
110,184
110,188
110,192
110,194
110,211
110,219
110,220
110,228
110,243
110,256
110,257
110,262
110,266
111,7
111,10
111,11
111,12
111,22
111,30
111,38
111,43
111,45
111,46
111,47
111,48
111,50
111,55
111,57
111,59
111,60
111,64
111,67
111,73
111,74
111,75
111,76
111,77
111,79
111,81
111,85
111,86
111,93
111,96
111,106
111,112
111,113
111,122
111,123
111,124
111,134
111,135
111,141
111,147
111,150
111,160
111,174
111,183
111,187
111,188
111,192
111,194
111,208
111,219
111,220
111,226
111,241
111,247
111,256
111,258
111,261
111,266
111,268
112,46
112,74
112,94
112,100
112,113
113,50
113,135
113,154
113,219
113,220
114,112
114,167
115,7
115,11
115,23
115,50
115,55
115,77
115,135
115,146
115,154
115,172
115,208
115,220
115,224
115,266
116,7
116,11
116,55
116,56
116,60
116,75
116,79
116,85
116,97
116,112
116,135
116,146
116,154
116,188
116,243
116,256
116,262
117,50
117,112
117,126
117,135
117,219
118,9
118,46
118,48
118,74
118,75
118,76
118,80
118,83
118,85
118,94
118,95
118,96
118,110
118,113
118,115
118,116
118,118
118,123
118,141
118,171
118,179
118,183
118,185
118,240
118,247
118,256
118,258
119,5
119,11
119,38
119,43
119,46
119,52
119,70
119,72
119,74
119,76
119,82
119,92
119,99
119,112
119,115
119,189
119,199
119,247
119,260
120,6
120,7
120,11
120,15
120,23
120,27
120,29
120,30
120,31
120,44
120,46
120,53
120,55
120,56
120,58
120,83
120,85
120,94
120,99
120,105
120,106
120,112
120,115
120,121
120,126
120,130
120,135
120,149
120,154
120,157
120,166
120,192
120,194
120,216
120,219
120,224
120,243
120,262
120,264
120,265
120,266
121,3
121,7
121,11
121,15
121,23
121,29
121,56
121,83
121,99
121,129
121,139
121,154
121,262
121,266
122,7
122,11
122,15
122,23
122,24
122,27
122,29
122,31
122,37
122,38
122,46
122,50
122,72
122,76
122,78
122,82
122,92
122,94
122,112
122,115
122,117
122,130
122,135
122,154
122,155
122,179
122,194
122,216
122,219
122,250
122,269
123,11
123,46
123,48
123,50
123,60
123,66
123,74
123,75
123,76
123,79
123,85
123,96
123,141
123,166
123,183
123,194
123,209
123,220
123,232
123,245
123,247
123,256
123,258
123,267
124,63
124,94
124,115
124,121
124,133
124,175
124,212
125,16
125,141
125,183
126,15
126,24
126,25
126,27
126,29
126,41
126,44
126,48
126,60
126,74
126,75
126,76
126,79
126,88
126,91
126,96
126,109
126,141
126,147
126,174
126,183
126,247
126,256
126,258
127,11
127,23
127,38
127,55
127,58
127,62
127,112
127,113
127,135
127,154
127,250
127,256
128,23
128,24
128,40
128,76
128,94
128,183
129,7
129,15
129,19
129,23
129,29
129,31
129,55
129,56
129,82
129,112
129,135
129,141
129,161
129,188
129,201
129,219
129,250
129,266
130,11
130,34
130,46
130,76
130,77
130,98
130,115
130,116
130,135
130,136
130,183
130,186
130,194
130,219
130,261
130,262
131,3
131,7
131,11
131,15
131,23
131,24
131,29
131,30
131,31
131,38
131,46
131,50
131,53
131,55
131,58
131,64
131,75
131,77
131,79
131,81
131,83
131,85
131,90
131,94
131,99
131,101
131,104
131,105
131,106
131,109
131,112
131,113
131,115
131,117
131,123
131,134
131,135
131,139
131,154
131,155
131,156
131,166
131,179
131,182
131,183
131,184
131,187
131,192
131,194
131,201
131,211
131,219
131,224
131,229
131,231
131,239
131,240
131,243
131,250
131,256
131,258
131,262
131,266
132,46
132,52
132,110
132,115
133,233
134,50
134,98
134,125
134,126
134,135
134,154
134,212
135,23
135,24
135,28
135,50
135,53
135,73
135,82
135,90
135,94
135,112
135,214
135,219
135,234
135,257
136,55
136,71
136,112
136,199
136,219
137,5
137,7
137,11
137,15
137,24
137,31
137,37
137,46
137,52
137,66
137,82
137,90
137,94
137,115
137,130
137,154
137,216
137,219
137,224
138,7
138,11
138,15
138,23
138,24
138,25
138,27
138,28
138,29
138,30
138,31
138,36
138,46
138,50
138,53
138,55
138,58
138,62
138,64
138,77
138,81
138,83
138,94
138,96
138,101
138,112
138,115
138,117
138,130
138,135
138,139
138,141
138,143
138,146
138,154
138,156
138,179
138,186
138,187
138,192
138,194
138,201
138,205
138,219
138,231
138,243
138,250
138,256
138,262
138,267
138,269
139,47
139,141
139,191
139,223
139,251
139,265
140,7
140,11
140,21
140,30
140,40
140,46
140,49
140,58
140,59
140,60
140,62
140,64
140,79
140,81
140,82
140,84
140,85
140,91
140,105
140,108
140,109
140,112
140,128
140,130
140,135
140,141
140,145
140,146
140,150
140,151
140,157
140,163
140,178
140,179
140,184
140,186
140,188
140,189
140,191
140,194
140,201
140,211
140,219
140,220
140,236
140,239
140,251
140,257
140,262
140,265
140,267
141,55
141,112
141,135
141,146
142,7
142,11
142,38
142,46
142,48
142,52
142,59
142,60
142,66
142,67
142,72
142,74
142,75
142,76
142,79
142,82
142,85
142,90
142,94
142,96
142,98
142,112
142,113
142,115
142,134
142,135
142,151
142,154
142,157
142,160
142,170
142,171
142,174
142,179
142,183
142,192
142,194
142,209
142,219
142,232
142,241
142,243
142,244
142,247
142,256
142,258
142,266
142,269
143,135
143,154
143,219
144,7
144,11
144,49
144,55
144,60
144,90
144,112
144,135
144,141
144,150
144,183
144,188
144,219
144,243
144,250
144,256
144,262
145,25
145,29
145,30
145,48
145,69
145,74
145,76
145,83
145,96
145,141
145,183
145,258
146,141
146,251
147,2
147,15
147,19
147,23
147,24
147,25
147,27
147,28
147,29
147,30
147,31
147,41
147,48
147,53
147,55
147,56
147,58
147,79
147,135
147,137
147,140
147,141
147,144
147,146
147,183
147,198
147,216
147,219
147,236
147,250
147,262
148,183
149,29
149,76
149,120
149,141
149,183
150,5
150,7
150,11
150,12
150,16
150,37
150,38
150,46
150,48
150,50
150,57
150,59
150,60
150,74
150,75
150,76
150,82
150,85
150,94
150,95
150,96
150,98
150,108
150,112
150,113
150,114
150,115
150,135
150,149
150,154
150,157
150,160
150,170
150,171
150,179
150,183
150,194
150,214
150,220
150,232
150,244
150,245
150,247
150,256
150,258
150,262
150,269
151,5
151,7
151,11
151,15
151,37
151,46
151,82
151,85
151,99
151,105
151,115
151,157
151,163
151,168
151,173
151,219
151,220
151,232
151,243
151,251
151,265
151,269
152,11
152,23
152,24
152,34
152,50
152,90
152,94
152,98
152,108
152,171
152,201
152,214
152,219
152,247
153,50
154,3
155,103
156,5
156,7
156,11
156,23
156,31
156,37
156,38
156,46
156,48
156,49
156,52
156,55
156,59
156,60
156,74
156,76
156,78
156,82
156,90
156,94
156,96
156,98
156,108
156,113
156,115
156,135
156,145
156,157
156,160
156,166
156,170
156,179
156,183
156,192
156,193
156,194
156,201
156,219
156,220
156,224
156,247
156,250
156,256
156,258
156,269
157,41
157,141
157,196
157,215
158,58
158,83
158,91
158,117
158,130
158,141
158,154
158,188
158,200
158,248
158,249
158,262
159,5
159,7
159,11
159,12
159,16
159,22
159,24
159,27
159,29
159,38
159,46
159,53
159,66
159,72
159,76
159,77
159,82
159,85
159,92
159,94
159,98
159,103
159,109
159,112
159,115
159,121
159,130
159,135
159,156
159,188
159,194
159,201
159,214
159,219
159,220
159,236
159,243
159,250
159,260
160,7
160,11
160,38
160,46
160,50
160,66
160,72
160,75
160,76
160,78
160,81
160,82
160,85
160,94
160,96
160,98
160,106
160,112
160,115
160,130
160,133
160,134
160,135
160,154
160,155
160,179
160,183
160,194
160,201
160,214
160,219
160,221
160,236
160,247
160,250
160,256
160,258
161,83
161,112
161,113
161,124
161,243
162,16
162,135
162,182
162,184
162,199
163,31
163,141
163,183
163,237
164,46
164,163
164,166
164,243
164,269
165,39
165,207
165,252
166,5
166,7
166,11
166,12
166,16
166,22
166,38
166,44
166,46
166,50
166,55
166,59
166,60
166,70
166,72
166,74
166,76
166,81
166,82
166,85
166,92
166,94
166,96
166,98
166,99
166,103
166,112
166,115
166,121
166,134
166,135
166,150
166,170
166,175
166,179
166,183
166,188
166,194
166,201
166,214
166,219
166,220
166,232
166,256
166,258
166,260
167,11
167,46
167,59
167,82
167,113
167,115
167,143
167,163
167,164
167,173
167,194
167,201
167,232
167,245
167,267
167,269
168,67
168,99
168,100
168,124
168,133
168,212
168,234
168,267
169,134
170,7
170,11
170,15
170,36
170,38
170,46
170,50
170,55
170,57
170,58
170,59
170,75
170,76
170,82
170,84
170,96
170,98
170,105
170,112
170,113
170,115
170,117
170,118
170,134
170,135
170,146
170,151
170,154
170,155
170,160
170,179
170,183
170,186
170,187
170,192
170,194
170,219
170,222
170,227
170,239
170,240
170,250
170,256
170,258
170,262
170,266
170,268
170,269
171,51
171,199
172,5
172,11
172,15
172,37
172,46
172,55
172,90
172,94
172,98
172,112
172,115
172,135
172,154
172,194
172,219
172,269
173,9
173,11
173,15
173,16
173,23
173,24
173,29
173,38
173,44
173,50
173,72
173,76
173,94
173,98
173,100
173,106
173,108
173,112
173,113
173,134
173,135
173,154
173,176
173,188
173,194
173,214
173,219
173,220
173,232
173,250
174,46
174,113
174,181
175,7
175,11
175,24
175,37
175,38
175,46
175,62
175,72
175,76
175,85
175,98
175,99
175,100
175,111
175,112
175,145
175,157
175,179
175,188
175,194
175,214
175,219
175,232
176,38
176,46
176,59
176,60
176,72
176,74
176,76
176,94
176,96
176,111
176,115
176,121
176,135
176,154
176,160
176,179
176,183
176,194
176,219
176,247
176,258
176,261
177,38
177,46
177,66
177,67
177,72
177,74
177,75
177,76
177,94
177,96
177,112
177,134
177,141
177,160
177,170
177,171
177,183
177,194
177,202
177,247
177,258
178,0
178,15
178,23
178,24
178,29
178,31
178,53
178,55
178,56
178,58
178,93
178,112
178,130
178,135
178,141
178,149
178,154
178,237
178,248
178,250
178,266
179,94
179,189
179,260
180,7
180,11
180,13
180,17
180,30
180,34
180,40
180,46
180,60
180,62
180,64
180,66
180,79
180,81
180,82
180,84
180,85
180,91
180,108
180,112
180,135
180,139
180,145
180,157
180,171
180,178
180,184
180,186
180,188
180,191
180,192
180,194
180,220
180,233
180,241
180,257
180,259
180,262
180,265
180,266
180,267
181,12
181,40
181,118
181,139
181,141
181,183
181,184
181,262
182,5
182,7
182,11
182,15
182,24
182,31
182,37
182,38
182,46
182,49
182,50
182,52
182,60
182,61
182,74
182,76
182,82
182,90
182,94
182,98
182,108
182,113
182,114
182,115
182,130
182,135
182,139
182,145
182,154
182,160
182,179
182,194
182,201
182,214
182,217
182,219
182,224
182,269
183,41
183,48
183,49
183,75
183,76
183,96
183,112
183,141
183,159
183,183
183,247
183,256
183,258
184,1
184,5
184,7
184,11
184,12
184,15
184,19
184,23
184,24
184,29
184,31
184,37
184,38
184,46
184,50
184,52
184,53
184,55
184,56
184,58
184,76
184,78
184,82
184,85
184,90
184,92
184,94
184,98
184,99
184,105
184,108
184,112
184,113
184,115
184,117
184,130
184,135
184,154
184,155
184,157
184,179
184,192
184,194
184,209
184,214
184,216
184,219
184,220
184,250
184,251
184,262
184,269
185,4
185,5
185,7
185,10
185,11
185,12
185,38
185,46
185,50
185,72
185,74
185,76
185,85
185,92
185,94
185,96
185,113
185,115
185,135
185,171
185,173
185,183
185,194
185,201
185,214
185,219
185,220
185,232
185,250
185,256
185,258
185,260
186,171
187,46
187,141
187,183
188,46
188,67
188,75
188,76
188,79
188,86
188,96
188,112
188,113
188,135
188,174
188,183
188,186
188,199
188,247
188,254
188,256
188,262
188,266
189,7
189,11
189,12
189,37
189,46
189,55
189,67
189,72
189,75
189,76
189,85
189,90
189,94
189,98
189,100
189,112
189,143
189,154
189,157
189,170
189,179
189,188
189,191
189,194
189,209
189,219
189,232
189,245
189,266
189,267
189,269
190,158
190,179
190,225
191,100
191,158
192,5
192,7
192,11
192,12
192,22
192,24
192,27
192,29
192,30
192,37
192,38
192,46
192,48
192,50
192,55
192,60
192,64
192,72
192,74
192,75
192,76
192,81
192,85
192,90
192,94
192,98
192,99
192,106
192,107
192,108
192,109
192,111
192,112
192,113
192,115
192,121
192,135
192,149
192,154
192,156
192,170
192,183
192,194
192,201
192,214
192,217
192,219
192,220
192,236
192,243
192,250
192,256
192,258
192,262
193,96
193,163
193,174
193,256
193,269
194,135
194,219
195,47
196,23
196,27
196,29
196,30
196,31
196,46
196,55
196,76
196,96
196,130
196,135
196,141
196,174
196,183
196,216
196,219
196,250
196,258
196,266
197,7
197,11
197,38
197,46
197,50
197,60
197,72
197,74
197,76
197,82
197,85
197,94
197,96
197,106
197,108
197,112
197,183
197,194
197,201
197,219
197,236
197,243
197,247
197,256
197,258
198,11
198,46
198,55
198,62
198,105
198,112
198,135
198,139
198,154
198,187
198,192
198,219
198,250
198,256
198,262
199,7
199,11
199,15
199,18
199,19
199,23
199,28
199,29
199,30
199,31
199,38
199,46
199,50
199,53
199,55
199,57
199,58
199,60
199,62
199,66
199,75
199,76
199,77
199,78
199,79
199,83
199,85
199,94
199,96
199,101
199,104
199,106
199,112
199,115
199,117
199,130
199,134
199,135
199,150
199,154
199,155
199,156
199,174
199,179
199,183
199,188
199,191
199,192
199,194
199,201
199,219
199,220
199,243
199,245
199,250
199,256
199,258
199,262
199,268
200,7
200,11
200,15
200,31
200,38
200,55
200,57
200,58
200,75
200,76
200,77
200,83
200,85
200,96
200,109
200,112
200,115
200,117
200,135
200,139
200,154
200,174
200,179
200,183
200,219
200,227
200,239
200,243
200,250
200,256
200,258
200,262
201,11
201,38
201,46
201,50
201,66
201,72
201,74
201,76
201,81
201,85
201,94
201,98
201,112
201,124
201,127
201,135
201,194
201,201
201,214
201,218
201,219
201,220
202,7
202,11
202,31
202,55
202,62
202,76
202,96
202,109
202,115
202,117
202,135
202,154
202,179
202,219
202,250
202,256
203,11
203,60
203,74
203,75
203,76
203,141
203,183
203,217
204,11
204,46
204,60
204,76
204,94
204,164
204,247
205,11
205,34
205,48
205,74
205,76
205,96
205,115
205,171
205,183
205,225
205,252
206,7
206,11
206,46
206,50
206,74
206,76
206,92
206,94
206,112
206,115
206,145
206,168
206,179
207,5
207,7
207,11
207,37
207,38
207,43
207,46
207,48
207,49
207,60
207,64
207,76
207,94
207,108
207,115
207,135
207,145
207,179
207,194
207,219
207,220
207,232
207,258
207,269
208,7
208,8
208,10
208,11
208,12
208,15
208,23
208,28
208,29
208,30
208,38
208,44
208,46
208,50
208,51
208,55
208,56
208,57
208,58
208,60
208,62
208,64
208,70
208,72
208,74
208,75
208,76
208,77
208,79
208,81
208,82
208,85
208,86
208,93
208,94
208,96
208,98
208,106
208,112
208,113
208,115
208,116
208,117
208,123
208,126
208,134
208,135
208,139
208,147
208,150
208,151
208,154
208,155
208,156
208,160
208,162
208,166
208,174
208,179
208,183
208,186
208,187
208,188
208,192
208,194
208,201
208,204
208,214
208,217
208,219
208,220
208,224
208,228
208,239
208,241
208,243
208,247
208,250
208,256
208,258
208,262
208,266
208,267
209,7
209,11
209,15
209,23
209,24
209,26
209,27
209,28
209,29
209,30
209,31
209,37
209,38
209,46
209,47
209,50
209,55
209,56
209,66
209,74
209,75
209,76
209,78
209,82
209,83
209,85
209,86
209,90
209,94
209,96
209,98
209,99
209,105
209,112
209,115
209,121
209,130
209,135
209,139
209,145
209,151
209,154
209,163
209,166
209,179
209,183
209,186
209,187
209,192
209,194
209,201
209,214
209,216
209,219
209,220
209,224
209,239
209,243
209,247
209,250
209,256
209,258
209,262
209,266
209,269
210,7
210,10
210,11
210,15
210,23
210,30
210,37
210,50
210,55
210,56
210,57
210,60
210,64
210,74
210,75
210,76
210,79
210,85
210,93
210,112
210,113
210,115
210,122
210,128
210,135
210,139
210,143
210,151
210,154
210,174
210,179
210,183
210,194
210,205
210,219
210,239
210,246
210,250
210,256
210,258
210,262
210,266
210,268
211,130
211,152
211,232
212,33
212,40
212,46
212,57
212,91
212,184
212,262
213,73
213,182
214,11
214,38
214,46
214,48
214,50
214,60
214,72
214,74
214,76
214,85
214,94
214,115
214,121
214,135
214,170
214,194
214,201
214,219
214,220
214,236
214,243
214,247
214,269
215,0
215,2
215,30
215,55
215,133
215,135
215,141
215,212
215,265
216,23
216,24
216,29
216,41
216,50
216,71
216,76
216,83
216,112
216,120
216,124
216,136
216,141
216,157
216,183
216,231
216,236
217,11
217,38
217,46
217,50
217,72
217,74
217,76
217,85
217,94
217,108
217,115
217,134
217,201
217,214
217,236
217,247
